Workbook

Sheet Isopo
A1: Clause ID | B1: Clause | C1: Translation | D1: Predicate | E1: Pred Type | F1: ~Ø-Verbal | G1: ACT-ARG | H1: NON-ARG | I1: EXALT INSIG | J1: V-ARG-Ø-ARG | K1: GAP-NON-ARG | L1: GAP-ACT-ARG | M1: NMLZ head | N1: NOM EXH MORPH | O1: Сomment
A2: EF1 | B2: EVROPA no vchi Phrigiatoyŭ cunino Troia toyŭ jŏrino qinpenni Amoniato yŭ ſatoga vogiaru. | C2: ＥＶＲＯＰＡの内Ｐｈｒｉｇｉａと言う国のＴｒｏｉａと言う城裡の近辺にＡｍｏｎｉａと言う里がおぢゃる | D2: vogiaru | E2: FV | F2: 1 | G2: 1 | H2: 1 | I2: 0 | J2: 0 | K2: 0 | L2: 0 | M2: 0 | N2: 0
A3: EF2 | B3: [...] nauoba Eſopoto yŭte | C3: その里に名をばＥｓｏｐｏと言うて | D3: yŭte | E3: FV | F3: 1 | G3: 1 | H3: 0 | I3: 0 | J3: 0 | K3: 0 | L3: 0 | M3: 0 | N3: 0
A4: EF3 | B4: [Sono ſatoni] yguiŏ fuxiguina jintaiga vogiattaga | C4: 異形不思議な人体がおぢゃったが | D4: vogiattaga | E4: FV | F4: 1 | G4: 1 | H4: 1 | I4: 0 | J4: 0 | K4: 0 | L4: 0 | M4: 0 | N4: 0
A5: EF4 | B5: [...] cono fitoni maſatte | C5: Ｅｕｒｏｐａの天下にこの人に勝って | D5: maſatte | E5: FV | F5: 1 | G5: 1 | H5: 0 | I5: 0 | J5: 0 | K5: 0 | L5: 0 | M5: 0 | N5: 0
A6: EF5 | B6: [ſono jidai Europano tencani] minicui mo nomo vorinacatta | C6: 醜い者もおりなかった | D6: vorinacatta | E6: FV | F6: 1 | G6: 2 | H6: 1 | I6: 0 | J6: 0 | K6: 0 | L6: 0 | M6: 0 | N6: 0 | O6: is oru an EX verb in LMJ?
A7: EF6 | B7: to qicoyeta | C7: と聞こえた | D7: qicoyeta | E7: FV | F7: 1 | G7: 1 | H7: 0 | I7: 0 | J7: 0 | K7: 0 | L7: 0 | M7: 0 | N7: 0
A8: EF7 | B8: Mazzu cŏbeua togari | C8: 先づ頭は尖り， | D8: togari | E8: FV | F8: 1 | G8: 1 | H8: 0 | I8: 0 | J8: 0 | K8: 0 | L8: 0 | M8: 0 | N8: 0
A9: EF8 | B9: manacoua tçubô xicamo dete | C9: 眼はつぼう然も出て | D9: dete | E9: FV | F9: 1 | G9: 1 | H9: 0 | I9: 0 | J9: 0 | K9: 0 | L9: 0 | M9: 0 | N9: 0
A10: EF9 | B10: fitomi no ſaqiua tairacani, | C10: 瞳の先は平らかに， | D10: tairacani | E10: COP | F10: 1 | G10: 1 | H10: =-I98 -> 0 | I10: 0 | J10: 0 | K10: 0 | L10: 0 | M10: 0 | N10: 0
A11: EF10 | B11: riŏno fôua tare | C11: 両の頬は垂れ | D11: tare | E11: FV | F11: 1 | G11: 1 | H11: 0 | I11: 0 | J11: 0 | K11: 0 | L11: 0 | M11: 0 | N11: 0
A12: EF11 | B12: cubiua yugami | C12: 首は歪み | D12: yugami | E12: FV | F12: 1 | G12: 1 | H12: 0 | I12: 0 | J12: 0 | K12: 0 | L12: 0 | M12: 0 | N12: 0
A13: EF12 | B13: taqe-ua ficŭ | C13: 丈は低う | D13: ficŭ | E13: FV | F13: 1 | G13: 1 | H13: 0 | I13: 0 | J13: 0 | K13: 0 | L13: 0 | M13: 0 | N13: 0
A14: EF13 | B14: yocobarini,xeua cugumi | C14: 横張りに，背は屈み | D14: cugumi | E14: FV | F14: 1 | G14: 1 | H14: 0 | I14: 0 | J14: 0 | K14: 0 | L14: 0 | M14: 0 | N14: 0
A15: EF14 | B15: faraua fare | C15: 腹は腫れ | D15: fare | E15: FV | F15: 1 | G15: 1 | H15: 0 | I15: 0 | J15: 0 | K15: 0 | L15: 0 | M15: 0 | N15: 0
A16: EF15 | B16: taredete | C16: 垂れ出て | D16: taredete | E16: FV | F16: 1 | G16: 0 | H16: 0 | I16: 0 | J16: 0 | K16: 0 | L16: 0 | M16: 0 | N16: 0
A17: EF16 | B17: cotobaua domoride vogiatta | C17: 言葉は吃りでおぢゃった | D17: de vogiatta | E17: COP | F17: 1 | G17: 1 | H17: 0 | I17: 0 | J17: 0 | K17: 0 | L17: 0 | M17: 0 | N17: 0
A18: EF17 | B18: Corerano ſugata vomotte | C18: これ等の姿を持って | D18: vomotte | E18: FV | F18: 1 | G18: 1 | H18: 0 | I18: 0 | J18: 0 | K18: 0 | L18: 0 | M18: 0 | N18: 0
A19: EF18 | B19: minicui coto tenca busŏ de atta | C19: 醜い事天下無双で有った | D19: de atta | E19: COP | F19: 1 | G19: 1 | H19: 1 | I19: 0 | J19: 0 | K19: 0 | L19: 0 | M19: 0 | N19: 0
A20: EF19 | B20: gotoqu chiyeno taqeta | C20: ごとく，知恵の長けた | D20: yararureba | E20: FV | F20: 1 | G20: 1 | H20: 1 | I20: 0 | J20: 0 | K20: 0 | L20: 0 | M20: 0 | N20: 0
A21: EF20 | B21: monomo cono fitoni narabu | C21: 者もこの人に並ぶ | D21: narabu | E21: FV | F21: 1 | G21: 2 | H21: 0 | I21: 0 | J21: 0 | K21: 1 | L21: 0 | M21: 0 | N21: 0
A22: EF21 | B22: cotoua vorinacatta | C22: 事はおりなかった | D22: vorinacatta | E22: FV | F22: 1 | G22: 1 | H22: 0 | I22: 0 | J22: 0 | K22: 0 | L22: 0 | M22: 0 | N22: 0
... A24: EF23 | B24: yŏ-ua:cugaino ſabaqi aruiua naixôno toriatçucai nadoua icanimo niyŏmajij | C24: 様は：公界の捌き或いは内証の取り扱いなどは如何にも似合うまじい | D24: niyŏmajij | E24: FV | F24: 1 | G24: 1 | H24: 1 | I24: 0 | J24: 0 | K24: 0 | L24: 0 | M24: 0 | N24: 0
A25: EF24 | B25: to miyureba | C25: と見ゆれば | D25: miyureba | E25: FV | F25: 1 | G25: 1 | H25: 0 | I25: 0 | J25: 0 | K25: 0 | L25: 0 | M25: 0 | N25: 0 | O25: should the -to part be considered a clausal subject of miyureba?
A26: EF25 | B26: xemete nônin no xoſauo naritomo ategauŏzu | C26: せめて農人の所作をなりともあてがわうず | D26: ategauŏzu | E26: FV | F26: 1 | G26: 1 | H26: 0 | I26: 0 | J26: 0 | K26: 0 | L26: 0 | M26: 0 | N26: 0
A27: EF26 | B27: to vomoi ſadame | C27: と思い定め | D27: vomoi ſadame | E27: FV | F27: 1 | G27: 1 | H27: 0 | I27: 0 | J27: 0 | K27: 0 | L27: 0 | M27: 0 | N27: 0 | O27: should the -to part be considered a clausal subject?
A28: EF27 | B28: nôguuo coxiraye atayete | C28: 農具を拵え与えて | D28: atayete | E28: FV | F28: 1 | G28: 1 | H28: 0 | I28: 0 | J28: 0 | K28: 0 | L28: 0 | M28: 0 | N28: 0
A29: EF28 | B29: denbacu ye yararureba | C29: 田畠へ遣らるれば | D29: yararureba | E29: FV | F29: 1 | G29: 1 | H29: 0 | I29: 0 | J29: 1 | K29: 0 | L29: 0 | M29: 0 | N29: 0
A30: EF29 | B30: Eſopomomata cocoroyogueni ſono xoſauo naita | C30: Ｅｓｏｐｏも又快気にその所作を成いた． | D30: naita | E30: FV | F30: 1 | G30: 2 | H30: 0 | I30: 0 | J30: 0 | K30: 0 | L30: 0 | M30: 0 | N30: 0
A31: EF30 | B31: Xicareba fodofete cano xujin ſono denbacu uo mimaini ideraretareba | C31: 然れば程経てかの主人その田畠を見舞いに出でられたれば | D31: ideraretareba | E31: FV | F31: 1 | G31: 2 | H31: 0 | I31: 1 | J31: 0 | K31: 0 | L31: 0 | M31: 0 | N31: 0
A32: EF31 | B32: aru fiacuxŏ jŏjŏno jucuxiuo motteqite | C32: 或る百姓上々の熟柿を持って来て | D32: motteqite | E32: FV | F32: 1 | G32: 2 | H32: 0 | I32: 0 | J32: 0 | K32: 0 | L32: 0 | M32: 0 | N32: 0
A33: EF32 | B33: xujinni ſaſagureba | C33: 主人に捧ぐれば | D33: ſaſagureba | E33: FV | F33: 1 | G33: 1 | H33: 0 | I33: 0 | J33: 1 | K33: 0 | L33: 0 | M33: 0 | N33: 0
A34: EF33 | B34: irocamo ychidan yôte | C34: 色香も一段良うて | D34: yôte | E34: FV | F34: 1 | G34: 1 | H34: 0 | I34: 0 | J34: 0 | K34: 0 | L34: 0 | M34: 0 | N34: 0
A35: EF34 | B35: migotoniatta | C35: 見事に有った | D35: niatta | E35: COP | F35: 1 | G35: 0 | H35: 0 | I35: 0 | J35: 0 | K35: 0 | L35: 0 | M35: 0 | N35: 0
A36: EF35 | B36: ni yotte yorocobi | C36: に因って喜び | D36: yorocobi | E36: FV | F36: 1 | G36: 0 | H36: 1 | I36: 0 | J36: 0 | K36: 0 | L36: 0 | M36: 0 | N36: 0
A37: EF36 | B37: nanome narananda | C37: 斜めならなんだ | D37: narananda | E37: COP | F37: 1 | G37: 0 | H37: 0 | I37: 0 | J37: 0 | K37: 0 | L37: 0 | M37: 0 | N37: 0
A38: EF37 | B38: tadaima xŏquan xôzuredomo | C38: 只今賞翫せうずれども | D38: xôzuredomo | E38: VN-C (bare) | F38: 1 | G38: 0 | H38: 1 | I38: 0 | J38: 0 | K38: 0 | L38: 0 | M38: 0 | N38: 0
A39: EF38 | B39: furoye ireba | C39: 風呂へ入れば | D39: ireba | E39: FV | F39: 1 | G39: 1 | H39: 0 | I39: 0 | J39: 0 | K39: 0 | L39: 0 | M39: 0 | N39: 0
... A64: EF63 | B64: icaſama cono tatari ga arŏzu | C64: 如何様この祟りが有らうずと | D64: arŏzuto | E64: FV | F64: 1 | G64: 1 | H64: 0 | I64: 0 | J64: 0 | K64: 0 | L64: 0 | M64: 0 | N64: 0
A65: EF64 | B65: to ſaſayaqimauatta | C65: 囁き回った | D65: ſaſayaqimauatta | E65: FV | F65: 1 | G65: 1 | H65: 0 | I65: 0 | J65: 0 | K65: 0 | L65: 0 | M65: 0 | N65: 0 | O65: should the -to part be considered a clausal complement?
A66: EF65 | B66: Sate xujin furo cara agari | C66: 扠主人風呂から上がり | D66: agari | E66: FV | F66: 1 | G66: 2 | H66: 0 | I66: 0 | J66: 0 | K66: 0 | L66: 0 | M66: 0 | N66: 0
A67: EF66 | B67: cudanno caqiuo yuagarini mottecoi | C67: 件の柿を湯上がりに持って来い | D67: mottecoi | E67: FV | F67: 1 | G67: 2 | H67: 0 | I67: 0 | J67: 0 | K67: 0 | L67: 0 | M67: 0 | N67: 0 | O67: not sure if nominalised verbs expressing purpose should be treated as arguments of motion verbs
A68: EF67 | B68: to iuarureba | C68: と言わるれば | D68: iuarureba | E68: FV | F68: 1 | G68: 1 | H68: 0 | I68: 0 | J68: 1 | K68: 0 | L68: 0 | M68: 0 | N68: 0
A69: EF68 | B69: miguino nininno monodomoga vocaſanu | C69: 右の二人の者共が犯さぬ | D69: vocaſanu | E69: FV | F69: 1 | G69: 1 | H69: 0 | I69: 0 | J69: 0 | K69: 1 | L69: 0 | M69: 0 | N69: 0
A70: EF69 | B70: cauode mŏſuua | C70: 顔で申すは | D70: mŏſuua | E70: FV | F70: 1 | G70: 0 | H70: 1 | I70: 0 | J70: 1 | K70: 0 | L70: 0 | M70: 1 | N70: 0
A71: EF70 | B71: ſoreuoba Eſopocoſo nuſunde | C71: それをばＥｓｏｐｏこそ盗んで | D71: nuſunde | E71: FV | F71: 1 | G71: 2 | H71: 0 | I71: 0 | J71: 0 | K71: 0 | L71: 0 | M71: 0 | N71: 0
A72: EF71 | B72: tabetegozare | C72: 食べて御座れ | D72: tabetegozare | E72: FV | F72: 1 | G72: 0 | H72: 0 | I72: 0 | J72: 1 | K72: 0 | L72: 0 | M72: 0 | N72: 0
A73: EF72 | B73: ſonotoqi cano xujin ua farani tatexicotte | C73: その時かの主人は腹に立て凝って | D73: tatexicotte | E73: FV | F73: 1 | G73: 2 | H73: 1 | I73: 0 | J73: 0 | K73: 0 | L73: 0 | M73: 0 | N73: 0
A74: EF73 | B74: Eſopouo mexiyoxe | C74: Ｅｓｏｐｏを召し寄せ | D74: mexiyoxe | E74: FV | F74: 1 | G74: 1 | H74: 0 | I74: 0 | J74: 1 | K74: 0 | L74: 0 | M74: 0 | N74: 0
A75: EF74 | B75: iuaruruua | C75: 言わるるは | D75: iuaruruua | E75: FV | F75: 1 | G75: 0 | H75: 0 | I75: 0 | J75: 1 | K75: 0 | L75: 0 | M75: 0 | N75: 0
A76: EF75 | B76: [...] miga xŏquan xô | C76: 身が賞翫せう | D76: xŏquan xôto | E76: VN-C (bare) | F76: 1 | G76: 1 | H76: 0 | I76: 0 | J76: 0 | K76: 0 | L76: 1 | M76: 0 | N76: 0
A77: EF76 | B77: ta vomoiqitte yta | C77: と思い切って居た | D77: vomoiqitte yta | E77: FV | F77: 1 | G77: 1 | H77: 0 | I77: 0 | J77: 0 | K77: 0 | L77: 0 | M77: 0 | N77: 0
A78: EF77 | B78: ſono jucuxiuoba [icani chicuxŏna michirenai itazzuramono] totte | C78: その熟柿をば[如何に畜生なみちれない悪戯者]取って | D78: totte | E78: FV | F78: 1 | G78: 1 | H78: 0 | I78: 0 | J78: 0 | K78: 0 | L78: 0 | M78: 0 | N78: 0
A79: EF78 | B79: nanto vomôte | C79: 何と思うて | D79: vomôte | E79: FV | F79: 1 | G79: 0 | H79: 0 | I79: 0 | J79: 0 | K79: 0 | L79: 0 | M79: 0 | N79: 0
... A101: EF100 | B101: ni nozonde xujinno aximotoni firefuxi | C101: に臨んで主人の足元に平伏し | D101: nozonde xujinno aximotoni firefuxi | E101: FV | F101: 1 | G101: 1 | H101: 1 | I101: 0 | J101: 0 | K101: 0 | L101: 0 | M101: 0 | N101: 0
B102: Totals | F102: =SUM(F2:F101) -> 99 | G102: =SUM(G2:G101) -> 89 | H102: =SUM(H2:H101) -> 22 | I102: =SUM(I2:I101) -> 4 | J102: =SUM(J2:J101) -> 10 | K102: =SUM(K2:K101) -> 7 | L102: =SUM(L2:L101) -> 4 | M102: =SUM(M2:M101) -> 2 | N102: =SUM(N2:N101) -> 0
B103: RD2 | C103: =G102/F102 -> 0.8989899 | D103: ACT-ARG/~Ø-Verbal
B104: RD2+ | C104: =(G102+J102)/F102 -> 1 | D104: (ACT-ARG+V-ARG-Ø-ARG)/~Ø-Verbal
B105: RD2++ | C105: =(G102+L102)/F102 -> 0.93939394 | D105: (ACT-ARG+GAP-ACT-ARG)/~Ø-Verbal
B106: RD2+++ | C106: =(G102+L102+J102)/F102 -> 1.040404 | D106: (ACT-ARG+V-ARG-Ø-ARG+GAP-ACT-ARG)/~Ø-Verbal
B107: RD2- | C107: =J102/F102 -> 0.1010101 | D107: V-ARG-Ø-ARG/~Ø-Verbal

Sheet Heike Chapter 2
A1: HeikeCh2 | C1: Translation | D1: Predicate | E1: Modality | F1: Verb_Semantic_Class | G1: Pred_Type | H1: Predicate_Transitivity | I1: Voice_Type | J1: Clause_Polarity | K1: ~Ø-Verbal | L1: ACT-ARG | M1: Arg Type | N1: NON-ARG | O1: Subject_Class | P1: Subject_Person | Q1: Object_Class | R1: Indirect_Object_Class | S1: GAP-ACT-ARG | T1: GAP-NON-ARG | U1: Adnominal_Function | V1: Clause_Type | W1: EXALT INSIG | X1: V-ARG-Ø-ARG | Y1: Exaltation_Referential_Target | Z1: Exaltation_Form_Type | AA1: NOM EXH MORPH | AB1: Connective_Type | AC1: Prev_Clause_Type | AD1: Te_Position | AE1: Switch_Ref | AF1: Next_Switch_Ref | AG1: Topic_Status | AH1: Information_Status | AI1: Сomment | AK1: RD2 | AL1: LVC | AM1: Subject_Zero | AN1: Sentence_ID | AO1: Next_Clause_Type | AP1: Is_ChainClause | AQ1: Chain_Index_In_Sentence | AR1: Is_First_ChainClause | AS1: Next_Subject_Classt | AT1: Next_Object_Classt | AU1: Drop_Subject (overt → zero in next clause) | AV1: Drop_Object (overt → zero in next clause)
A2: Heike 2.1 | B2: 忠盛朝臣未だ備前守たりし時 (Tadamori ason imada Bizen no kami tarishi toki) | C2: Now Tadamori, while holding the office of Bizen no Kami, | D2: たりし | E2: indicative | F2: stative | G2: copula | H2: intransitive | I2: active | J2: positive | K2: 1 | L2: 1 | M2: SUB | N2: 0 | O2: overt | P2: 3 | Q2: n/a | R2: n/a | S2: 0 | T2: 1 | U2: REL | V2: relative | W2: 0 | X2: 0 | Y2: n/a | Z2: n/a | AA2: 0 | AB2: temporal | AD2: =IF(V2<>"te","", IF(OR(AC2="",AC2<>"te"), "te_initial", "te_medial")) | AE2: new | AF2: ss | AG2: topic-introduced | AH2: contains_new | AK2: =L2/K2 -> 1 | AL2: =IF(OR(G2="LVC", G2="LVC (j)", G2="LVC (inf)"), "LVC","non-LVC") -> non-LVC | AM2: {=IF(OR(O2:O159="zero_recoverable", "zero_exalt", "zero_other", "zero_uncertain"), "Yes","No")} -> Yes | AN2: =1 + COUNTIF($V1:V$2,"main") -> 1 | AO2: =IF($A2="","",IF($AH2=$AH3,$V3,"")) -> te | AP2: =IF(OR($V2="relative",$V2="nominalised"),0,1) -> 0 | AQ2: =IF(AP3=0,"",COUNTIFS($AN$2:$AN3,$AN3,$AP$2:$AP3,1)) -> 1 | AR2: =IF(AQ2=1,1,0) -> 1 | AS2: zero_recoverable | AT2: overt | AU2: =IF(AND($O2="overt",LEFT($AS2,5)="zero_"),1,0) -> 1 | AV2: =IF(AND($Q2="overt",LEFT($AT2,5)="zero_"),1,0) -> 0
A3: Heike 2.2 | B3: 鳥羽院の御願得長寿院を造進して (Toba-in no ogan Tokuchōju-in o zōshin shite) | C3: by the request of the retired Emperor Toba, | D3: 造進して | E3: indicative | F3: other | G3: verb | H3: transitive | I3: active | J3: positive | K3: 1 | L3: 1 | M3: OBJ | N3: 1 | O3: zero_recoverable | P3: 3 | Q3: overt | R3: n/a | S3: 0 | T3: 0 | U3: n/a | V3: te | W3: 0 | X3: 0 | Y3: obj | Z3: nominal_prefix | AA3: 1 | AB3: sequential | AC3: relative | AD3: te_medial | AE3: ss | AF3: ss | AG3: topic-drop | AH3: contains_new | AI3: stranded subject Tadamori | AK3: =L3/K3 -> 1 | AL3: =IF(OR(G3="LVC", G3="LVC (j)", G3="LVC (inf)"), "LVC","non-LVC") -> non-LVC | AM3: {=IF(OR(O3:O160="zero_recoverable", "zero_exalt", "zero_other", "zero_uncertain"), "Yes","No")} -> Yes | AN3: =1 + COUNTIF($V2:V$2,"main") -> 1 | AO3: =IF($A3="","",IF($AH3=$AH4,$V4,"")) -> te | AP3: =IF(OR($V3="relative",$V3="nominalised"),0,1) -> 1 | AQ3: =IF(AP4=0,"",COUNTIFS($AN$2:$AN4,$AN4,$AP$2:$AP4,1)) -> 2 | AR3: =IF(AQ3=1,1,0) -> 0 | AS3: zero_recoverable | AT3: overt | AU3: =IF(AND($O3="overt",LEFT($AS3,5)="zero_"),1,0) -> 0 | AV3: =IF(AND($Q3="overt",LEFT($AT3,5)="zero_"),1,0) -> 0
A4: Heike 2.3 | B4: 三十三間の御堂を建て (sanjūsangen no midō o tatete) | C4: had built the temple Toku-cho-juin and the Sa-ju-san-gen-do, or hall 33 ken long, | D4: 建て | E4: indicative | F4: other | G4: verb | H4: transitive | I4: active | J4: positive | K4: 1 | L4: 1 | M4: OBJ | N4: 0 | O4: zero_recoverable | P4: 3 | Q4: overt | R4: n/a | S4: 0 | T4: 0 | U4: n/a | V4: te | W4: 0 | X4: 0 | Y4: obj | Z4: nominal_prefix | AA4: 1 | AB4: sequential | AC4: te | AD4: =IF(V4<>"te","", IF(OR(AC4="",AC4<>"te"), "te_initial", "te_medial")) -> te_medial | AE4: ss | AF4: ss | AG4: topic-drop | AH4: contains_new | AK4: =L4/K4 -> 1 | AL4: =IF(OR(G4="LVC", G4="LVC (j)", G4="LVC (inf)"), "LVC","non-LVC") -> non-LVC | AM4: {=IF(OR(O4:O161="zero_recoverable", "zero_exalt", "zero_other", "zero_uncertain"), "Yes","No")} -> Yes | AN4: =1 + COUNTIF($V$2:V3,"main") -> 1 | AO4: =IF($A4="","",IF($AH4=$AH5,$V5,"")) -> relative | AP4: =IF(OR($V4="relative",$V4="nominalised"),0,1) -> 1 | AQ4: =IF(AP5=0,"",COUNTIFS($AN$2:$AN5,$AN5,$AP$2:$AP5,1)) | AR4: =IF(AQ4=1,1,0) -> 0 | AS4: zero_exalt | AT4: overt | AU4: =IF(AND($O4="overt",LEFT($AS4,5)="zero_"),1,0) -> 0 | AV4: =IF(AND($Q4="overt",LEFT($AT4,5)="zero_"),1,0) -> 0
A5: Heike 2.4 | B5: 一千一体の御仏を据ゑ奉らる (issen ittai no mihotoke o sue-tatematsuraru) | C5: within which were one thousand and one Buddhas; | D5: 据ゑ奉らる | E5: indicative | F5: action | G5: verb | H5: transitive | I5: active | J5: positive | K5: 1 | L5: 1 | M5: OBJ | N5: 0 | O5: zero_exalt | P5: 3 | Q5: overt | R5: n/a | S5: 0 | T5: 1 | U5: REL | V5: relative | W5: 1 | X5: 1 | Y5: sub | Z5: honorific_aux | AA5: 1 | AB5: none | AC5: te | AD5: =IF(V5<>"te","", IF(OR(AC5="",AC5<>"te"), "te_initial", "te_medial")) | AE5: ss | AF5: ds | AG5: topic-drop | AH5: contains_new | AI5: complex verbal form | AK5: =L5/K5 -> 1 | AL5: =IF(OR(G5="LVC", G5="LVC (j)", G5="LVC (inf)"), "LVC","non-LVC") -> non-LVC | AM5: {=IF(OR(O5:O162="zero_recoverable", "zero_exalt", "zero_other", "zero_uncertain"), "Yes","No")} -> Yes | AN5: =1 + COUNTIF($V$2:V4,"main") -> 1 | AO5: =IF($A5="","",IF($AH5=$AH6,$V6,"")) -> main | AP5: =IF(OR($V5="relative",$V5="nominalised"),0,1) -> 0 | AQ5: =IF(AP6=0,"",COUNTIFS($AN$2:$AN6,$AN6,$AP$2:$AP6,1)) -> 3 | AR5: =IF(AQ5=1,1,0) -> 0 | AS5: overt | AT5: n/a | AU5: =IF(AND($O5="overt",LEFT($AS5,5)="zero_"),1,0) -> 0 | AV5: =IF(AND($Q5="overt",LEFT($AT5,5)="zero_"),1,0) -> 0
A6: Heike 2.5 | B6: 供養は天承元年三月十三日なり (kuyō wa Tenshō gannen sangatsu jūsan-nichi nari) | C6: its first festival being on the thirteenth day of the third month of the first year of Tensho. | D6: なり | E6: indicative | F6: stative | G6: copula | H6: intransitive | I6: active | J6: positive | K6: 1 | L6: 1 | M6: SUB | N6: 0 | O6: overt | P6: 3 | Q6: n/a | R6: n/a | S6: 0 | T6: 0 | U6: n/a | V6: main | W6: 0 | X6: 0 | Y6: n/a | Z6: n/a | AA6: 0 | AB6: none | AC6: relative | AD6: =IF(V6<>"te","", IF(OR(AC6="",AC6<>"te"), "te_initial", "te_medial")) | AE6: ds | AF6: ds | AG6: topic-introduced | AH6: contains_new | AK6: =L6/K6 -> 1 | AL6: =IF(OR(G6="LVC", G6="LVC (j)", G6="LVC (inf)"), "LVC","non-LVC") -> non-LVC | AM6: {=IF(OR(O6:O163="zero_recoverable", "zero_exalt", "zero_other", "zero_uncertain"), "Yes","No")} -> Yes | AN6: =1 + COUNTIF($V$2:V5,"main") -> 1 | AO6: =IF($A6="","",IF($AH6=$AH7,$V7,"")) -> subordinate | AP6: =IF(OR($V6="relative",$V6="nominalised"),0,1) -> 1 | AQ6: =IF(AP7=0,"",COUNTIFS($AN$2:$AN7,$AN7,$AP$2:$AP7,1)) -> 1 | AR6: 0 | AS6: zero_exalt | AT6: overt | AU6: =IF(AND($O6="overt",LEFT($AS6,5)="zero_"),1,0) -> 1 | AV6: =IF(AND($Q6="overt",LEFT($AT6,5)="zero_"),1,0) -> 0
A7: Heike 2.6 | B7: 勧賞には欠国を賜ふべき由 (kanshō ni wa kakukuni o tamau beki yoshi) | C7: As a reward he was to be granted a fief, | D7: 賜ふべき | E7: deontic | F7: action | G7: verb | H7: transitive | I7: active | J7: positive | K7: 1 | L7: 1 | M7: OBJ | N7: 1 | O7: zero_exalt | P7: 3 | Q7: overt | R7: n/a | S7: 0 | T7: 1 | U7: n/a | V7: subordinate | W7: 0 | X7: 1 | Y7: sub | Z7: lexical_honorific_verb | AA7: 0 | AB7: causal | AC7: main | AD7: =IF(V7<>"te","", IF(OR(AC7="",AC7<>"te"), "te_initial", "te_medial")) | AE7: ds | AF7: ds | AG7: topic-shift | AH7: contains_new | AK7: =L7/K7 -> 1 | AL7: =IF(OR(G7="LVC", G7="LVC (j)", G7="LVC (inf)"), "LVC","non-LVC") -> non-LVC | AM7: {=IF(OR(O7:O164="zero_recoverable", "zero_exalt", "zero_other", "zero_uncertain"), "Yes","No")} -> Yes | AN7: =1 + COUNTIF($V$2:V6,"main") -> 2 | AO7: =IF($A7="","",IF($AH7=$AH8,$V8,"")) | AP7: =IF(OR($V7="relative",$V7="nominalised"),0,1) -> 1 | AQ7: =IF(AP8=0,"",COUNTIFS($AN$2:$AN8,$AN8,$AP$2:$AP8,1)) | AR7: 1 | AS7: zero_exalt | AT7: not_applicable | AU7: =IF(AND($O7="overt",LEFT($AS7,5)="zero_"),1,0) -> 0 | AV7: =IF(AND($Q7="overt",LEFT($AT7,5)="zero_"),1,0) -> 0
A8: Heike 2.7 | B8: 仰せ下されける (ōse-kudasa rekeru) | C8: he was honoured by receiving the territory of the province of Tamba, | D8: 仰せ下されける | E8: indicative | F8: action | G8: verb(complex) | H8: intransitive | I8: passive | J8: positive | K8: 1 | L8: 0 | M8: n/a | N8: 0 | O8: zero_exalt | P8: 3 | Q8: n/a | R8: n/a | S8: 1 | T8: 0 | U8: REL | V8: relative | W8: 0 | X8: 1 | Y8: io | Z8: lexical honorific+honorific aux | AA8: 0 | AB8: none | AC8: subordinate | AD8: =IF(V8<>"te","", IF(OR(AC8="",AC8<>"te"), "te_initial", "te_medial")) | AE8: ds | AF8: ss | AG8: topic-drop | AH8: no_overt_NP | AK8: =L8/K8 -> 0 | AL8: =IF(OR(G8="LVC", G8="LVC (j)", G8="LVC (inf)"), "LVC","non-LVC") -> non-LVC | AM8: {=IF(OR(O8:O165="zero_recoverable", "zero_exalt", "zero_other", "zero_uncertain"), "Yes","No")} -> Yes | AN8: =1 + COUNTIF($V$2:V7,"main") -> 2 | AO8: =IF($A8="","",IF($AH8=$AH9,$V9,"")) | AP8: =IF(OR($V8="relative",$V8="nominalised"),0,1) -> 0 | AQ8: =IF(AP9=0,"",COUNTIFS($AN$2:$AN9,$AN9,$AP$2:$AP9,1)) | AR8: =IF(AQ8=1,1,0) -> 0 | AS8: overt | AT8: n/a | AU8: =IF(AND($O8="overt",LEFT($AS8,5)="zero_"),1,0) -> 0 | AV8: =IF(AND($Q8="overt",LEFT($AT8,5)="zero_"),1,0) -> 0
A9: Heike 2.8 | B9: 折節但馬国の空きたりけるをぞ (orifushi Tamba no kuni no aki tarikeru o zo) | C9: which then happened to be unappropriated. | D9: 空きたりける | E9: indicative | F9: stative | G9: verb | H9: intransitive | I9: resultative | J9: positive | K9: 1 | L9: 1 | M9: SUB | N9: 1 | O9: overt | P9: 3 | Q9: n/a | R9: n/a | S9: 0 | T9: 0 | U9: OBJ | V9: nominalised | W9: 0 | X9: 0 | Y9: n/a | Z9: n/a | AA9: 0 | AB9: none | AC9: relative | AD9: =IF(V9<>"te","", IF(OR(AC9="",AC9<>"te"), "te_initial", "te_medial")) | AE9: ss | AF9: ds | AG9: topic-drop | AH9: contains_new | AI9: internally headed | AK9: =L9/K9 -> 1 | AL9: =IF(OR(G9="LVC", G9="LVC (j)", G9="LVC (inf)"), "LVC","non-LVC") -> non-LVC | AM9: {=IF(OR(O9:O166="zero_recoverable", "zero_exalt", "zero_other", "zero_uncertain"), "Yes","No")} -> Yes | AN9: =1 + COUNTIF($V$2:V8,"main") -> 2 | AO9: =IF($A9="","",IF($AH9=$AH10,$V10,"")) | AP9: =IF(OR($V9="relative",$V9="nominalised"),0,1) -> 0 | AQ9: =IF(AP10=0,"",COUNTIFS($AN$2:$AN10,$AN10,$AP$2:$AP10,1)) -> 2 | AR9: =IF(AQ9=1,1,0) -> 0 | AS9: zero_exalt | AT9: zero_recoverable | AU9: =IF(AND($O9="overt",LEFT($AS9,5)="zero_"),1,0) -> 1 | AV9: =IF(AND($Q9="overt",LEFT($AT9,5)="zero_"),1,0) -> 0
A10: Heike 2.9 | B10: 賜はりける (tamawari keru) | C10: As a reward he was honoured by receiving the territory of the province of Tamba, which then happened to be unappropriated. | D10: 賜はりける | E10: indicative | F10: action | G10: verb | H10: transitive | I10: active | J10: positive | K10: 1 | L10: 1 | M10: OBJ | N10: 0 | O10: zero_exalt | P10: 3 | Q10: zero_recoverable | R10: zero_recoverable | S10: 0 | T10: 0 | U10: n/a | V10: main | W10: 0 | X10: 1 | Y10: sub | Z10: lexical_humble_verb | AA10: 0 | AB10: none | AC10: nominalised | AD10: =IF(V10<>"te","", IF(OR(AC10="",AC10<>"te"), "te_initial", "te_medial")) | AE10: ds | AF10: ds | AG10: topic-drop | AH10: no_overt_NP | AK10: =L10/K10 -> 1 | AL10: =IF(OR(G10="LVC", G10="LVC (j)", G10="LVC (inf)"), "LVC","non-LVC") -> non-LVC | AM10: {=IF(OR(O10:O167="zero_recoverable", "zero_exalt", "zero_other", "zero_uncertain"), "Yes","No")} -> Yes | AN10: =1 + COUNTIF($V$2:V9,"main") -> 2 | AO10: =IF($A10="","",IF($AH10=$AH11,$V11,"")) | AP10: =IF(OR($V10="relative",$V10="nominalised"),0,1) -> 1 | AQ10: =IF(AP11=0,"",COUNTIFS($AN$2:$AN11,$AN11,$AP$2:$AP11,1)) | AR10: =IF(AQ10=1,1,0) -> 0 | AS10: overt | AT10: overt | AU10: =IF(AND($O10="overt",LEFT($AS10,5)="zero_"),1,0) -> 0 | AV10: =IF(AND($Q10="overt",LEFT($AT10,5)="zero_"),1,0) -> 0
A11: Heike 2.10 | B11: 上皇御感のあまりに内の昇殿を許さる (jōkō go-kan no amari ni uchi no shōden o yurusaru) | C11: Moreover the Emperor of his bounty graciously permitted him to attend the Court; | D11: 許さる | E11: indicative | F11: action | G11: verb | H11: transitive | I11: active | J11: positive | K11: 1 | L11: 2 | M11: S+O | N11: 1 | O11: overt | P11: 3 | Q11: overt | R11: zero_recoverable | S11: 1 | T11: 0 | U11: REL | V11: relative | W11: 1 | X11: 0 | Y11: sub | Z11: honorific_aux | AA11: 1 | AB11: none | AC11: main | AD11: =IF(V11<>"te","", IF(OR(AC11="",AC11<>"te"), "te_initial", "te_medial")) | AE11: ds | AF11: ds | AG11: topic-drop | AH11: contains_new | AI11: it's unlcear whether -re- in -yurusareru is passive or honorific | AK11: =L11/K11 -> 2 | AL11: =IF(OR(G11="LVC", G11="LVC (j)", G11="LVC (inf)"), "LVC","non-LVC") -> non-LVC | AM11: {=IF(OR(O11:O168="zero_recoverable", "zero_exalt", "zero_other", "zero_uncertain"), "Yes","No")} -> Yes | AN11: =1 + COUNTIF($V$2:V10,"main") -> 3 | AO11: =IF($A11="","",IF($AH11=$AH12,$V12,"")) -> main | AP11: =IF(OR($V11="relative",$V11="nominalised"),0,1) -> 0 | AQ11: =IF(AP12=0,"",COUNTIFS($AN$2:$AN12,$AN12,$AP$2:$AP12,1)) -> 1 | AR11: 0 | AS11: overt | AT11: overt | AU11: =IF(AND($O11="overt",LEFT($AS11,5)="zero_"),1,0) -> 0 | AV11: =IF(AND($Q11="overt",LEFT($AT11,5)="zero_"),1,0) -> 0
A12: Heike 2.11 | B12: 忠盛三十六にて初めて昇殿す (Tadamori sanjūroku nite hajimete shōden su) | C12: which Tadamori did for the first time at the age of thirty six. | D12: 昇殿す | E12: indicative | F12: motion | G12: LVC | H12: intransitive | I12: active | J12: positive | K12: 1 | L12: 1 | M12: SUB | N12: 2 | O12: overt | P12: 3 | Q12: overt | R12: n/a | S12: 0 | T12: 0 | U12: n/a | V12: main | W12: 0 | X12: 0 | Y12: n/a | Z12: n/a | AA12: 0 | AB12: none | AC12: relative | AD12: =IF(V12<>"te","", IF(OR(AC12="",AC12<>"te"), "te_initial", "te_medial")) | AE12: ds | AF12: ds | AG12: topic-continued | AH12: contains_new | AK12: =L12/K12 -> 1 | AL12: =IF(OR(G12="LVC", G12="LVC (j)", G12="LVC (inf)"), "LVC","non-LVC") -> LVC | AM12: {=IF(OR(O12:O169="zero_recoverable", "zero_exalt", "zero_other", "zero_uncertain"), "Yes","No")} -> Yes | AN12: =1 + COUNTIF($V$2:V11,"main") -> 3 | AO12: =IF($A12="","",IF($AH12=$AH13,$V13,"")) -> inf | AP12: =IF(OR($V12="relative",$V12="nominalised"),0,1) -> 1 | AQ12: =IF(AP13=0,"",COUNTIFS($AN$2:$AN13,$AN13,$AP$2:$AP13,1)) -> 1 | AR12: =IF(AQ12=1,1,0) -> 1 | AS12: overt | AT12: overt | AU12: =IF(AND($O12="overt",LEFT($AS12,5)="zero_"),1,0) -> 0 | AV12: =IF(AND($Q12="overt",LEFT($AT12,5)="zero_"),1,0) -> 0
A13: Heike 2.12 | B13: 雲の上人これを嫉み憤り (kumo no uebito kore o sonemi ikidori) | C13: the higher Courtiers were furious with jealousy | D13: 嫉み憤り | E13: indicative | F13: psych-state | G13: verb(compound) | H13: transitive | I13: active | J13: positive | K13: 1 | L13: 2 | M13: S+O | N13: 0 | O13: overt | P13: 3 | Q13: overt | R13: n/a | S13: 0 | T13: 0 | U13: n/a | V13: inf | W13: 0 | X13: 0 | Y13: n/a | Z13: n/a | AA13: 0 | AB13: none | AC13: main | AD13: =IF(V13<>"te","", IF(OR(AC13="",AC13<>"te"), "te_initial", "te_medial")) | AE13: ds | AF13: ss | AG13: topic-introduced | AH13: contains_new | AK13: =L13/K13 -> 2 | AL13: =IF(OR(G13="LVC", G13="LVC (j)", G13="LVC (inf)"), "LVC","non-LVC") -> non-LVC | AM13: {=IF(OR(O13:O170="zero_recoverable", "zero_exalt", "zero_other", "zero_uncertain"), "Yes","No")} -> Yes | AN13: =1 + COUNTIF($V$2:V12,"main") -> 4 | AO13: =IF($A13="","",IF($AH13=$AH14,$V14,"")) -> complement | AP13: =IF(OR($V13="relative",$V13="nominalised"),0,1) -> 1 | AQ13: =IF(AP14=0,"",COUNTIFS($AN$2:$AN14,$AN14,$AP$2:$AP14,1)) -> 2 | AR13: =IF(AQ13=1,1,0) -> 0 | AS13: zero_recoverable | AT13: overt | AU13: =IF(AND($O13="overt",LEFT($AS13,5)="zero_"),1,0) -> 1 | AV13: =IF(AND($Q13="overt",LEFT($AT13,5)="zero_"),1,0) -> 0
A14: Heike 2.13 | B14: 同じき年の十一月二十三日五節豊の明の節会の夜 (onajiki toshi no jūichigatsu nijūsannichi gosechi Toyo-no-akari no setchie no yo) 忠盛を闇討にせん (Tadamori o yamiuchi ni sen | C14: to assassinate him on the evening of the festival of Go-Sechi Toyo-no-akari-no-setchie, on the 23rd day of the eleventh month of the same year. | D14: 闇討にせん | E14: dynamic | F14: other | G14: LVC | H14: transitive | I14: active | J14: positive | K14: 1 | L14: 1 | M14: OBJ | N14: 1 | O14: zero_recoverable | P14: 3 | Q14: overt | R14: n/a | S14: 0 | T14: 0 | U14: n/a | V14: complement | W14: 0 | X14: 0 | Y14: n/a | Z14: n/a | AA14: 0 | AB14: quotative | AC14: inf | AD14: =IF(V14<>"te","", IF(OR(AC14="",AC14<>"te"), "te_initial", "te_medial")) | AE14: ss | AF14: ds | AG14: topic-continued | AH14: contains_new | AK14: =L14/K14 -> 1 | AL14: =IF(OR(G14="LVC", G14="LVC (j)", G14="LVC (inf)"), "LVC","non-LVC") -> LVC | AM14: {=IF(OR(O14:O171="zero_recoverable", "zero_exalt", "zero_other", "zero_uncertain"), "Yes","No")} -> Yes | AN14: =1 + COUNTIF($V$2:V13,"main") -> 4 | AO14: =IF($A14="","",IF($AH14=$AH15,$V15,"")) | AP14: =IF(OR($V14="relative",$V14="nominalised"),0,1) -> 1 | AQ14: =IF(AP15=0,"",COUNTIFS($AN$2:$AN15,$AN15,$AP$2:$AP15,1)) -> 3 | AR14: =IF(AQ14=1,1,0) -> 0 | AS14: overt | AT14: n/a | AU14: =IF(AND($O14="overt",LEFT($AS14,5)="zero_"),1,0) -> 0 | AV14: =IF(AND($Q14="overt",LEFT($AT14,5)="zero_"),1,0) -> 0
A15: Heike 2.14 | B15: とぞ議せられける (to zo giserarikeru) | C15: they plotted | D15: 議せられける | E15: indicative | F15: communication | G15: LVC | H15: intransitive | I15: passive | J15: positive | K15: 1 | L15: 1 | M15: S (Speech) | N15: 0 | O15: overt | P15: n/a | Q15: n/a | R15: n/a | S15: 0 | T15: 0 | U15: n/a | V15: main | W15: 0 | X15: 0 | Y15: n/a | Z15: n/a | AA15: 0 | AB15: none | AC15: complement | AD15: =IF(V15<>"te","", IF(OR(AC15="",AC15<>"te"), "te_initial", "te_medial")) | AE15: ds | AF15: ds | AG15: topic-drop | AH15: all given | AK15: =L15/K15 -> 1 | AL15: =IF(OR(G15="LVC", G15="LVC (j)", G15="LVC (inf)"), "LVC","non-LVC") -> LVC | AM15: {=IF(OR(O15:O172="zero_recoverable", "zero_exalt", "zero_other", "zero_uncertain"), "Yes","No")} -> Yes | AN15: =1 + COUNTIF($V$2:V14,"main") -> 4 | AO15: =IF($A15="","",IF($AH15=$AH16,$V16,"")) -> te | AP15: =IF(OR($V15="relative",$V15="nominalised"),0,1) -> 1 | AQ15: =IF(AP16=0,"",COUNTIFS($AN$2:$AN16,$AN16,$AP$2:$AP16,1)) -> 1 | AR15: 0 | AS15: overt | AT15: overt | AU15: =IF(AND($O15="overt",LEFT($AS15,5)="zero_"),1,0) -> 0 | AV15: =IF(AND($Q15="overt",LEFT($AT15,5)="zero_"),1,0) -> 0
A16: Heike 2.15 | B16: 忠盛この由を伝へ聞きて (Tadamori kono yoshi o tsutae kikite) | C16: Tadamori, on hearing of this | D16: 伝へ聞きて | E16: indicative | F16: perception | G16: verb(compound) | H16: transitive | I16: active | J16: positive | K16: 1 | L16: 2 | M16: OBJ | N16: 0 | O16: overt | P16: 3 | Q16: overt | R16: n/a | S16: 0 | T16: 0 | U16: n/a | V16: te | W16: 0 | X16: 0 | Y16: n/a | Z16: n/a | AA16: 0 | AB16: sequential | AC16: main | AD16: =IF(V16<>"te","", IF(OR(AC16="",AC16<>"te"), "te_initial", "te_medial")) -> te_initial | AE16: ds | AF16: ds | AG16: topic-shift | AH16: all given | AK16: =L16/K16 -> 2 | AL16: =IF(OR(G16="LVC", G16="LVC (j)", G16="LVC (inf)"), "LVC","non-LVC") -> non-LVC | AM16: {=IF(OR(O16:O173="zero_recoverable", "zero_exalt", "zero_other", "zero_uncertain"), "Yes","No")} -> Yes | AN16: =1 + COUNTIF($V$2:V15,"main") -> 5 | AO16: =IF($A16="","",IF($AH16=$AH17,$V17,"")) | AP16: =IF(OR($V16="relative",$V16="nominalised"),0,1) -> 1 | AQ16: =IF(AP17=0,"",COUNTIFS($AN$2:$AN17,$AN17,$AP$2:$AP17,1)) -> 2 | AR16: 1 | AS16: overt | AT16: n/a | AU16: =IF(AND($O16="overt",LEFT($AS16,5)="zero_"),1,0) -> 0 | AV16: =IF(AND($Q16="overt",LEFT($AT16,5)="zero_"),1,0) -> 0
A17: Heike 2.16 | B17: 我右弼の身にあらず (ware ubitsu no mi ni a-razu) | C17: I am not a civil official | D17: あらず | E17: indicative | F17: other | G17: copula | H17: intransitive | I17: active | J17: negative | K17: 1 | L17: 1 | M17: SUB | N17: 0 | O17: overt | P17: 1 | Q17: n/a | R17: n/a | S17: 0 | T17: 0 | U17: n/a | V17: subordinate | W17: 0 | X17: 0 | Y17: n/a | Z17: n/a | AA17: 0 | AB17: sequential | AC17: te | AD17: =IF(V17<>"te","", IF(OR(AC17="",AC17<>"te"), "te_initial", "te_medial")) | AE17: ds | AF17: ss | AG17: topic-shift | AH17: contains_new | AK17: =L17/K17 -> 1 | AL17: =IF(OR(G17="LVC", G17="LVC (j)", G17="LVC (inf)"), "LVC","non-LVC") -> non-LVC | AM17: {=IF(OR(O17:O174="zero_recoverable", "zero_exalt", "zero_other", "zero_uncertain"), "Yes","No")} -> Yes | AN17: =1 + COUNTIF($V$2:V16,"main") -> 5 | AO17: =IF($A17="","",IF($AH17=$AH18,$V18,"")) -> te | AP17: =IF(OR($V17="relative",$V17="nominalised"),0,1) -> 1 | AQ17: =IF(AP18=0,"",COUNTIFS($AN$2:$AN18,$AN18,$AP$2:$AP18,1)) -> 3 | AR17: =IF(AQ17=1,1,0) -> 0 | AS17: zero_recoverable | AT17: n/a | AU17: =IF(AND($O17="overt",LEFT($AS17,5)="zero_"),1,0) -> 1 | AV17: =IF(AND($Q17="overt",LEFT($AT17,5)="zero_"),1,0) -> 0
A18: Heike 2.17 | B18: 武勇の家に生れて (buyū no ie ni umarete) | C18: being born of a line of warriors | D18: 生れて | E18: indicative | F18: other | G18: verb | H18: intransitive | I18: active | J18: positive | K18: 1 | L18: 1 | M18: SUB | N18: 1 | O18: zero_recoverable | P18: 1 | Q18: n/a | R18: n/a | S18: 0 | T18: 0 | U18: n/a | V18: te | W18: 0 | X18: 0 | Y18: n/a | Z18: n/a | AA18: 0 | AB18: sequential | AC18: subordinate | AD18: te_medial | AE18: ss | AF18: ss | AG18: topic-drop | AH18: contains_new | AK18: =L18/K18 -> 1 | AL18: =IF(OR(G18="LVC", G18="LVC (j)", G18="LVC (inf)"), "LVC","non-LVC") -> non-LVC | AM18: {=IF(OR(O18:O175="zero_recoverable", "zero_exalt", "zero_other", "zero_uncertain"), "Yes","No")} -> Yes | AN18: =1 + COUNTIF($V$2:V17,"main") -> 5 | AO18: =IF($A18="","",IF($AH18=$AH19,$V19,"")) -> relative | AP18: =IF(OR($V18="relative",$V18="nominalised"),0,1) -> 1 | AQ18: =IF(AP19=0,"",COUNTIFS($AN$2:$AN19,$AN19,$AP$2:$AP19,1)) | AR18: =IF(AQ18=1,1,0) -> 0 | AS18: zero_recoverable | AT18: n/a | AU18: =IF(AND($O18="overt",LEFT($AS18,5)="zero_"),1,0) -> 0 | AV18: =IF(AND($Q18="overt",LEFT($AT18,5)="zero_"),1,0) -> 0
A19: Heike 2.18 | B19: 今不慮の恥に遇はん (ima furyo no haji ni awan) | C19: for myself and my house at this unexpected shame | D19: 遇はん | E19: epistemic | F19: other | G19: verb | H19: intransitive | I19: active | J19: positive | K19: 1 | L19: 1 | M19: IO | N19: 1 | O19: zero_recoverable | P19: n/a | Q19: n/a | R19: overt | S19: 0 | T19: 1 | U19: n/a | V19: relative | W19: 0 | X19: 0 | Y19: n/a | Z19: n/a | AA19: 0 | AB19: none | AC19: te | AD19: =IF(V19<>"te","", IF(OR(AC19="",AC19<>"te"), "te_initial", "te_medial")) | AE19: ss | AF19: ds | AG19: topic-drop | AH19: contains_new | AK19: =L19/K19 -> 1 | AL19: =IF(OR(G19="LVC", G19="LVC (j)", G19="LVC (inf)"), "LVC","non-LVC") -> non-LVC | AM19: {=IF(OR(O19:O176="zero_recoverable", "zero_exalt", "zero_other", "zero_uncertain"), "Yes","No")} -> Yes | AN19: =1 + COUNTIF($V$2:V18,"main") -> 5 | AO19: =IF($A19="","",IF($AH19=$AH20,$V20,"")) -> main | AP19: =IF(OR($V19="relative",$V19="nominalised"),0,1) -> 0 | AQ19: =IF(AP20=0,"",COUNTIFS($AN$2:$AN20,$AN20,$AP$2:$AP20,1)) -> 4 | AR19: =IF(AQ19=1,1,0) -> 0 | AS19: overt | AT19: n/a | AU19: =IF(AND($O19="overt",LEFT($AS19,5)="zero_"),1,0) -> 0 | AV19: =IF(AND($Q19="overt",LEFT($AT19,5)="zero_"),1,0) -> 0
A20: Heike 2.19 | B20: 事家の為身の為心憂かるべし (koto ie no tame mi no tame kokoroukarubeshi) | C20: I am troubled in my heart | D20: 憂かるべし | E20: epistemic | F20: psych-state | G20: adjectival predicate | H20: intransitive | I20: active | J20: positive | K20: 1 | L20: 1 | M20: SUB | N20: 1 | O20: overt | P20: 3 | Q20: n/a | R20: n/a | S20: 0 | T20: 0 | U20: n/a | V20: main | W20: 0 | X20: 0 | Y20: n/a | Z20: n/a | AA20: 0 | AB20: none | AC20: relative | AD20: =IF(V20<>"te","", IF(OR(AC20="",AC20<>"te"), "te_initial", "te_medial")) | AE20: ds | AF20: 0 | AG20: topic-drop | AH20: contains_new | AK20: =L20/K20 -> 1 | AL20: =IF(OR(G20="LVC", G20="LVC (j)", G20="LVC (inf)"), "LVC","non-LVC") -> non-LVC | AM20: {=IF(OR(O20:O177="zero_recoverable", "zero_exalt", "zero_other", "zero_uncertain"), "Yes","No")} -> Yes | AN20: =1 + COUNTIF($V$2:V19,"main") -> 5 | AO20: =IF($A20="","",IF($AH20=$AH21,$V21,"")) | AP20: =IF(OR($V20="relative",$V20="nominalised"),0,1) -> 1 | AQ20: =IF(AP21=0,"",COUNTIFS($AN$2:$AN21,$AN21,$AP$2:$AP21,1)) -> 1 | AR20: 0 | AU20: =IF(AND($O20="overt",LEFT($AS20,5)="zero_"),1,0) -> 0 | AV20: =IF(AND($Q20="overt",LEFT($AT20,5)="zero_"),1,0) -> 0
A21: Heike 2.20 | B21: 詮ずるところ (senzuru tokoro) | C21: finally, as for what is to be done | D21: 詮ずる | E21: indicative | F21: other | Q21: n/a | R21: n/a | AC21: main | AD21: =IF(V21<>"te","", IF(OR(AC21="",AC21<>"te"), "te_initial", "te_medial")) | AF21: ss | AL21: =IF(OR(G21="LVC", G21="LVC (j)", G21="LVC (inf)"), "LVC","non-LVC") -> non-LVC | AM21: {=IF(OR(O21:O178="zero_recoverable", "zero_exalt", "zero_other", "zero_uncertain"), "Yes","No")} -> Yes | AN21: =1 + COUNTIF($V$2:V20,"main") -> 6 | AO21: =IF($A21="","",IF($AH21=$AH22,$V22,"")) | AP21: =IF(OR($V21="relative",$V21="nominalised"),0,1) -> 1 | AQ21: =IF(AP22=0,"",COUNTIFS($AN$2:$AN22,$AN22,$AP$2:$AP22,1)) -> 2 | AR21: =IF(AQ21=1,1,0) -> 0 | AS21: zero_recoverable | AT21: overt | AU21: =IF(AND($O21="overt",LEFT($AS21,5)="zero_"),1,0) -> 0 | AV21: =IF(AND($Q21="overt",LEFT($AT21,5)="zero_"),1,0) -> 0
A22: Heike 2.21 | B22: 身を全うして (mi o mattō shite) | C22: with all your might | D22: 全うして | E22: indicative | F22: other | G22: LVC | H22: transitive | I22: active | J22: positive | K22: 1 | L22: 1 | M22: OBJ | N22: 0 | O22: zero_recoverable | P22: 1 | Q22: overt | R22: n/a | S22: 0 | T22: 0 | U22: n/a | V22: te | W22: 0 | X22: 0 | Y22: n/a | Z22: n/a | AA22: 0 | AB22: sequential | AC22: 0 | AD22: te_medial | AE22: ss | AF22: ss | AG22: topic-drop | AH22: contains_new | AK22: =L22/K22 -> 1 | AL22: =IF(OR(G22="LVC", G22="LVC (j)", G22="LVC (inf)"), "LVC","non-LVC") -> LVC | AM22: {=IF(OR(O22:O179="zero_recoverable", "zero_exalt", "zero_other", "zero_uncertain"), "Yes","No")} -> Yes | AN22: =1 + COUNTIF($V$2:V21,"main") -> 6 | AO22: =IF($A22="","",IF($AH22=$AH23,$V23,"")) -> complement | AP22: =IF(OR($V22="relative",$V22="nominalised"),0,1) -> 1 | AQ22: =IF(AP23=0,"",COUNTIFS($AN$2:$AN23,$AN23,$AP$2:$AP23,1)) -> 3 | AR22: =IF(AQ22=1,1,0) -> 0 | AS22: zero_exalt | AT22: n/a | AU22: =IF(AND($O22="overt",LEFT($AS22,5)="zero_"),1,0) -> 0 | AV22: =IF(AND($Q22="overt",LEFT($AT22,5)="zero_"),1,0) -> 0
A23: Heike 2.22 | B23: 君に仕へ奉れ | C23: kimi ni tsukae tatematsure | D23: 仕へ奉れ | E23: imperative | F23: action | G23: verb | H23: intransitive | I23: active | J23: positive | K23: 1 | L23: 1 | M23: IO | N23: 0 | O23: zero_exalt | P23: 1 | Q23: n/a | R23: overt | S23: 0 | T23: 0 | U23: n/a | V23: complement | W23: 1 | X23: 1 | Y23: sub | Z23: lexical_humble_verb | AA23: 0 | AB23: none | AC23: te | AD23: =IF(V23<>"te","", IF(OR(AC23="",AC23<>"te"), "te_initial", "te_medial")) | AE23: ss | AF23: ds | AG23: topic-drop | AH23: contains_new | AK23: =L23/K23 -> 1 | AL23: =IF(OR(G23="LVC", G23="LVC (j)", G23="LVC (inf)"), "LVC","non-LVC") -> non-LVC | AM23: {=IF(OR(O23:O180="zero_recoverable", "zero_exalt", "zero_other", "zero_uncertain"), "Yes","No")} -> Yes | AN23: =1 + COUNTIF($V$2:V22,"main") -> 6 | AO23: =IF($A23="","",IF($AH23=$AH24,$V24,"")) -> main | AP23: =IF(OR($V23="relative",$V23="nominalised"),0,1) -> 1 | AQ23: =IF(AP24=0,"",COUNTIFS($AN$2:$AN24,$AN24,$AP$2:$AP24,1)) -> 4 | AR23: =IF(AQ23=1,1,0) -> 0 | AS23: overt | AT23: n/a | AU23: =IF(AND($O23="overt",LEFT($AS23,5)="zero_"),1,0) -> 0 | AV23: =IF(AND($Q23="overt",LEFT($AT23,5)="zero_"),1,0) -> 0
A24: Heike 2.23 | B24: といふ本文あり (to iu honbun ari) | C24: so goes the original passage | D24: あり | E24: indicative | F24: stative | G24: existential verb | H24: intransitive | I24: active | J24: positive | K24: 1 | L24: 1 | M24: SUB | N24: 1 | O24: overt | P24: 3 | Q24: n/a | R24: n/a | S24: 0 | T24: 0 | U24: n/a | V24: main | W24: 0 | X24: 0 | Y24: n/a | Z24: n/a | AA24: 0 | AB24: none | AC24: complement | AD24: =IF(V24<>"te","", IF(OR(AC24="",AC24<>"te"), "te_initial", "te_medial")) | AE24: ds | AF24: ss | AG24: topic-drop | AH24: contains_new | AI24: frame predicate | AK24: =L24/K24 -> 1 | AL24: =IF(OR(G24="LVC", G24="LVC (j)", G24="LVC (inf)"), "LVC","non-LVC") -> non-LVC | AM24: {=IF(OR(O24:O181="zero_recoverable", "zero_exalt", "zero_other", "zero_uncertain"), "Yes","No")} -> Yes | AN24: =1 + COUNTIF($V$2:V23,"main") -> 6 | AO24: =IF($A24="","",IF($AH24=$AH25,$V25,"")) -> inf | AP24: =IF(OR($V24="relative",$V24="nominalised"),0,1) -> 1 | AQ24: =IF(AP25=0,"",COUNTIFS($AN$2:$AN25,$AN25,$AP$2:$AP25,1)) -> 1 | AR24: 0 | AS24: zero_recoverable | AT24: overt | AU24: =IF(AND($O24="overt",LEFT($AS24,5)="zero_"),1,0) -> 1 | AV24: =IF(AND($Q24="overt",LEFT($AT24,5)="zero_"),1,0) -> 0
A25: Heike 2.24 | B25: 参内の初めより大なる鞘巻を用意し (sannai no hajime yori ō-naru sayamaki o yōi shi) | C25: Before entering the Court he provided himself with a long dirk | D25: 用意し | E25: indicative | F25: other | G25: LVC | H25: transitive | I25: active | J25: positive | K25: 1 | L25: 1 | M25: OBJ | N25: 1 | O25: zero_recoverable | P25: 3 | Q25: overt | R25: n/a | S25: 0 | T25: 0 | U25: n/a | V25: inf | W25: 0 | X25: 0 | Y25: n/a | Z25: n/a | AA25: 0 | AB25: none | AC25: main | AD25: =IF(V25<>"te","", IF(OR(AC25="",AC25<>"te"), "te_initial", "te_medial")) | AE25: ss | AF25: ss | AG25: topic-drop | AH25: contains_new | AK25: =L25/K25 -> 1 | AL25: =IF(OR(G25="LVC", G25="LVC (j)", G25="LVC (inf)"), "LVC","non-LVC") -> LVC | AM25: {=IF(OR(O25:O182="zero_recoverable", "zero_exalt", "zero_other", "zero_uncertain"), "Yes","No")} -> Yes | AN25: =1 + COUNTIF($V$2:V24,"main") -> 7 | AO25: =IF($A25="","",IF($AH25=$AH26,$V26,"")) -> inf | AP25: =IF(OR($V25="relative",$V25="nominalised"),0,1) -> 1 | AQ25: =IF(AP26=0,"",COUNTIFS($AN$2:$AN26,$AN26,$AP$2:$AP26,1)) -> 2 | AR25: 1 | AS25: zero_recoverable | AT25: zero_recoverable | AU25: =IF(AND($O25="overt",LEFT($AS25,5)="zero_"),1,0) -> 0 | AV25: =IF(AND($Q25="overt",LEFT($AT25,5)="zero_"),1,0) -> 1
A26: Heike 2.25 | B26: 束帯の下にしどけなげに差し (sokutai no shita ni shidokenage ni sashi) | C26: which he girt on under his long court dress | D26: 差し | E26: indicative | F26: other | G26: verb | H26: transitive | I26: active | J26: positive | K26: 1 | L26: 1 | M26: IO | N26: 1 | O26: zero_recoverable | P26: 3 | Q26: zero_recoverable | R26: overt | S26: 0 | T26: 0 | U26: n/a | V26: inf | W26: 0 | X26: 0 | Y26: n/a | Z26: n/a | AA26: 0 | AB26: none | AC26: inf | AD26: =IF(V26<>"te","", IF(OR(AC26="",AC26<>"te"), "te_initial", "te_medial")) | AE26: ss | AF26: ss | AG26: topic-drop | AH26: contains_new | AK26: =L26/K26 -> 1 | AL26: =IF(OR(G26="LVC", G26="LVC (j)", G26="LVC (inf)"), "LVC","non-LVC") -> non-LVC | AM26: {=IF(OR(O26:O183="zero_recoverable", "zero_exalt", "zero_other", "zero_uncertain"), "Yes","No")} -> Yes | AN26: =1 + COUNTIF($V$2:V25,"main") -> 7 | AO26: =IF($A26="","",IF($AH26=$AH27,$V27,"")) -> te | AP26: =IF(OR($V26="relative",$V26="nominalised"),0,1) -> 1 | AQ26: =IF(AP27=0,"",COUNTIFS($AN$2:$AN27,$AN27,$AP$2:$AP27,1)) -> 3 | AR26: =IF(AQ26=1,1,0) -> 0 | AS26: zero_recoverable | AT26: n/a | AU26: =IF(AND($O26="overt",LEFT($AS26,5)="zero_"),1,0) -> 0 | AV26: =IF(AND($Q26="overt",LEFT($AT26,5)="zero_"),1,0) -> 0
A27: Heike 2.26 | B27: 火の仄暗き方に向かつて (hi no hokuraki kata ni mukatte) | C27: and turning aside to a dimly lit place | D27: 向かつて | E27: indicative | F27: other | G27: verb | H27: intransitive | I27: active | J27: positive | K27: 1 | L27: 1 | M27: IO | N27: 1 | O27: zero_recoverable | P27: 3 | Q27: n/a | R27: overt | S27: 0 | T27: 0 | U27: n/a | V27: te | W27: 0 | X27: 0 | Y27: n/a | Z27: n/a | AA27: 0 | AB27: sequential | AC27: inf | AD27: te_medial | AE27: ss | AF27: ss | AG27: topic-drop | AH27: contains_new | AK27: =L27/K27 -> 1 | AL27: =IF(OR(G27="LVC", G27="LVC (j)", G27="LVC (inf)"), "LVC","non-LVC") -> non-LVC | AM27: {=IF(OR(O27:O184="zero_recoverable", "zero_exalt", "zero_other", "zero_uncertain"), "Yes","No")} -> Yes | AN27: =1 + COUNTIF($V$2:V26,"main") -> 7 | AO27: =IF($A27="","",IF($AH27=$AH28,$V28,"")) | AP27: =IF(OR($V27="relative",$V27="nominalised"),0,1) -> 1 | AQ27: =IF(AP28=0,"",COUNTIFS($AN$2:$AN28,$AN28,$AP$2:$AP28,1)) -> 4 | AR27: =IF(AQ27=1,1,0) -> 0 | AS27: zero_recoverable | AT27: overt | AU27: =IF(AND($O27="overt",LEFT($AS27,5)="zero_"),1,0) -> 0 | AV27: =IF(AND($Q27="overt",LEFT($AT27,5)="zero_"),1,0) -> 0
A28: Heike 2.27 | B28: やはらこの刀を抜き出でて (yahara kono katana o nuki-idete) | C28: slowly drew the blade | D28: 抜き出でて | E28: indicative | F28: motion | G28: verb(compound) | H28: transitive | I28: active | J28: positive | K28: 1 | L28: 1 | M28: OBJ | N28: 0 | O28: zero_recoverable | P28: 3 | Q28: overt | R28: n/a | S28: 0 | T28: 0 | U28: n/a | V28: te | W28: 0 | X28: 0 | Y28: n/a | Z28: n/a | AA28: 0 | AB28: sequential | AC28: te | AD28: =IF(V28<>"te","", IF(OR(AC28="",AC28<>"te"), "te_initial", "te_medial")) -> te_medial | AE28: ss | AF28: ss | AG28: topic-drop | AH28: all given | AI28: "kono katana" refers to the "sayamaki", so all given | AK28: =L28/K28 -> 1 | AL28: =IF(OR(G28="LVC", G28="LVC (j)", G28="LVC (inf)"), "LVC","non-LVC") -> non-LVC | AM28: {=IF(OR(O28:O185="zero_recoverable", "zero_exalt", "zero_other", "zero_uncertain"), "Yes","No")} -> Yes | AN28: =1 + COUNTIF($V$2:V27,"main") -> 7 | AO28: =IF($A28="","",IF($AH28=$AH29,$V29,"")) | AP28: =IF(OR($V28="relative",$V28="nominalised"),0,1) -> 1 | AQ28: =IF(AP29=0,"",COUNTIFS($AN$2:$AN29,$AN29,$AP$2:$AP29,1)) -> 5 | AR28: =IF(AQ28=1,1,0) -> 0 | AS28: zero_exalt | AT28: zero_recoverable | AU28: =IF(AND($O28="overt",LEFT($AS28,5)="zero_"),1,0) -> 0 | AV28: =IF(AND($Q28="overt",LEFT($AT28,5)="zero_"),1,0) -> 1
A29: Heike 2.28 | B29: 鬢に引き当てられたりけるが (kami ni hiki-ate raretarikeru ga) | C29: and passed it through the hair of his head | D29: 引き当てられたりける | E29: indicative | F29: motion | G29: verb | H29: transitive | I29: active | J29: positive | K29: 1 | L29: 1 | M29: IO | N29: 0 | O29: zero_exalt | P29: 3 | Q29: zero_recoverable | R29: overt | S29: 0 | T29: 0 | U29: n/a | V29: subordinate | W29: 0 | X29: 1 | Y29: sub | Z29: honorific_aux | AA29: 0 | AB29: conjunctive | AC29: te | AD29: =IF(V29<>"te","", IF(OR(AC29="",AC29<>"te"), "te_initial", "te_medial")) | AE29: ss | AF29: ds | AG29: topic-drop | AH29: contains_new | AI29: should the -to part be considered a clausal subject? | AK29: =L29/K29 -> 1 | AL29: =IF(OR(G29="LVC", G29="LVC (j)", G29="LVC (inf)"), "LVC","non-LVC") -> non-LVC | AM29: {=IF(OR(O29:O186="zero_recoverable", "zero_exalt", "zero_other", "zero_uncertain"), "Yes","No")} -> Yes | AN29: =1 + COUNTIF($V$2:V28,"main") -> 7 | AO29: =IF($A29="","",IF($AH29=$AH30,$V30,"")) | AP29: =IF(OR($V29="relative",$V29="nominalised"),0,1) -> 1 | AQ29: =IF(AP30=0,"",COUNTIFS($AN$2:$AN30,$AN30,$AP$2:$AP30,1)) | AR29: =IF(AQ29=1,1,0) -> 0 | AS29: zero_recoverable | AT29: n/a | AU29: =IF(AND($O29="overt",LEFT($AS29,5)="zero_"),1,0) -> 0 | AV29: =IF(AND($Q29="overt",LEFT($AT29,5)="zero_"),1,0) -> 0
A30: Heike 2.29 | B30: 余所よりは氷などのやうにぞ見えたりける (yoso yori wa kōri nado no yō ni zo mieta rikeru) | C30: so that it gleamed afar off with an icy sheen | D30: 見えたりける | E30: indicative | F30: perception | G30: verb | H30: intransitive | I30: resultative | J30: positive | K30: 1 | L30: 0 | M30: n/a | N30: 2 | O30: zero_recoverable | P30: 3 | Q30: n/a | R30: n/a | S30: 0 | T30: 0 | U30: n/a | V30: relative | W30: 0 | X30: 0 | Y30: n/a | Z30: n/a | AA30: 0 | AB30: none | AC30: subordinate | AD30: =IF(V30<>"te","", IF(OR(AC30="",AC30<>"te"), "te_initial", "te_medial")) | AE30: ds | AF30: ss | AG30: topic-drop | AH30: no_overt_NP | AK30: =L30/K30 -> 0 | AL30: =IF(OR(G30="LVC", G30="LVC (j)", G30="LVC (inf)"), "LVC","non-LVC") -> non-LVC | AM30: {=IF(OR(O30:O187="zero_recoverable", "zero_exalt", "zero_other", "zero_uncertain"), "Yes","No")} -> Yes | AN30: =1 + COUNTIF($V$2:V29,"main") -> 7 | AO30: =IF($A30="","",IF($AH30=$AH31,$V31,"")) | AP30: =IF(OR($V30="relative",$V30="nominalised"),0,1) -> 0 | AQ30: =IF(AP31=0,"",COUNTIFS($AN$2:$AN31,$AN31,$AP$2:$AP31,1)) -> 6 | AR30: =IF(AQ30=1,1,0) -> 0 | AS30: zero_recoverable | AT30: overt | AU30: =IF(AND($O30="overt",LEFT($AS30,5)="zero_"),1,0) -> 0 | AV30: =IF(AND($Q30="overt",LEFT($AT30,5)="zero_"),1,0) -> 0
A31: Heike 2.30 | B31: 諸人目を澄ましけり (morobito me o sumashikeri) | C31: causing all to stare open-eyed | D31: 澄ましけり | E31: indicative | F31: other | G31: verb | H31: transitive | I31: active | J31: positive | K31: 1 | L31: 2 | M31: O+IO | N31: 0 | O31: zero_recoverable | P31: 3 | Q31: overt | R31: overt | S31: 0 | T31: 0 | U31: n/a | V31: main | W31: 0 | X31: 0 | Y31: n/a | Z31: n/a | AA31: 0 | AB31: none | AC31: relative | AD31: =IF(V31<>"te","", IF(OR(AC31="",AC31<>"te"), "te_initial", "te_medial")) | AE31: ss | AF31: ds | AG31: topic-drop | AH31: contains_new | AK31: =L31/K31 -> 2 | AL31: =IF(OR(G31="LVC", G31="LVC (j)", G31="LVC (inf)"), "LVC","non-LVC") -> non-LVC | AM31: {=IF(OR(O31:O188="zero_recoverable", "zero_exalt", "zero_other", "zero_uncertain"), "Yes","No")} -> Yes | AN31: =1 + COUNTIF($V$2:V30,"main") -> 7 | AO31: =IF($A31="","",IF($AH31=$AH32,$V32,"")) -> relative | AP31: =IF(OR($V31="relative",$V31="nominalised"),0,1) -> 1 | AQ31: =IF(AP32=0,"",COUNTIFS($AN$2:$AN32,$AN32,$AP$2:$AP32,1)) | AR31: 1 | AS31: overt | AT31: n/a | AU31: =IF(AND($O31="overt",LEFT($AS31,5)="zero_"),1,0) -> 0 | AV31: =IF(AND($Q31="overt",LEFT($AT31,5)="zero_"),1,0) -> 0
A32: Heike 2.31 | B32: また忠盛の郎等元は一門たりし( mata Tadamori no rōtō moto wa ichimon tarishi) | C32: Moreover a retainer of Tadamori ... | D32: たりし | E32: indicative | F32: other | G32: copula | H32: intransitive | I32: active | J32: positive | K32: 1 | L32: 1 | M32: SUB | N32: 1 | O32: overt | P32: 3 | Q32: n/a | R32: n/a | S32: 0 | T32: 0 | U32: REL | V32: relative | W32: 0 | X32: 0 | Y32: n/a | Z32: n/a | AA32: 0 | AB32: conjunctive | AC32: main | AD32: =IF(V32<>"te","", IF(OR(AC32="",AC32<>"te"), "te_initial", "te_medial")) | AE32: ds | AF32: ss | AG32: topic-introduced | AH32: contains_new | AK32: =L32/K32 -> 1 | AL32: =IF(OR(G32="LVC", G32="LVC (j)", G32="LVC (inf)"), "LVC","non-LVC") -> non-LVC | AM32: {=IF(OR(O32:O189="zero_recoverable", "zero_exalt", "zero_other", "zero_uncertain"), "Yes","No")} -> Yes | AN32: =1 + COUNTIF($V$2:V31,"main") -> 8 | AO32: =IF($A32="","",IF($AH32=$AH33,$V33,"")) -> main | AP32: =IF(OR($V32="relative",$V32="nominalised"),0,1) -> 0 | AQ32: =IF(AP33=0,"",COUNTIFS($AN$2:$AN33,$AN33,$AP$2:$AP33,1)) -> 1 | AR32: 0 | AS32: overt | AT32: n/a | AU32: =IF(AND($O32="overt",LEFT($AS32,5)="zero_"),1,0) -> 0 | AV32: =IF(AND($Q32="overt",LEFT($AT32,5)="zero_"),1,0) -> 0
A33: Heike 2.32 | B33: 木工助平貞光が孫新四郎太夫家房が子に左兵衛尉家貞といふ者あり (Moku no suke Sadamitsu ga mago Shinshirō Tayū Iefusa ga ko ni Sahyōe no jō Iesada to iu mono ari) | C33: there was one named Sahyoe-no-jo Iesada | D33: あり | E33: indicative | F33: other | G33: existential verb | H33: intransitive | I33: active | J33: positive | K33: 1 | L33: 1 | M33: SUB | N33: 2 | O33: overt | P33: 3 | Q33: n/a | R33: n/a | S33: 0 | T33: 0 | U33: n/a | V33: main | W33: 0 | X33: 0 | Y33: n/a | Z33: n/a | AA33: 0 | AB33: none | AC33: relative | AD33: =IF(V33<>"te","", IF(OR(AC33="",AC33<>"te"), "te_initial", "te_medial")) | AE33: ss | AF33: ss | AG33: topic-introduced | AH33: contains_new | AI33: frame predicate | AK33: =L33/K33 -> 1 | AL33: =IF(OR(G33="LVC", G33="LVC (j)", G33="LVC (inf)"), "LVC","non-LVC") -> non-LVC | AM33: {=IF(OR(O33:O190="zero_recoverable", "zero_exalt", "zero_other", "zero_uncertain"), "Yes","No")} -> Yes | AN33: =1 + COUNTIF($V$2:V32,"main") -> 8 | AO33: =IF($A33="","",IF($AH33=$AH34,$V34,"")) -> inf | AP33: =IF(OR($V33="relative",$V33="nominalised"),0,1) -> 1 | AQ33: =IF(AP34=0,"",COUNTIFS($AN$2:$AN34,$AN34,$AP$2:$AP34,1)) -> 1 | AR33: =IF(AQ33=1,1,0) -> 1 | AS33: zero_recoverable | AT33: overt | AU33: =IF(AND($O33="overt",LEFT($AS33,5)="zero_"),1,0) -> 1 | AV33: =IF(AND($Q33="overt",LEFT($AT33,5)="zero_"),1,0) -> 0
A34: Heike 2.33 | B34: 薄青の狩衣の下に萌黄威の腹巻を着 (usuao no kariginu no shita ni moegi-odoshi no haramaki o ki) | C34: wearing a body armour laced with bright green under a light green "kariginu" | D34: 着 | E34: indicative | F34: other | G34: verb | H34: transitive | I34: active | J34: positive | K34: 1 | L34: 1 | M34: OBJ | N34: 1 | O34: zero_recoverable | P34: 3 | Q34: overt | R34: n/a | S34: 0 | T34: 0 | U34: n/a | V34: inf | W34: 0 | X34: 0 | Y34: n/a | Z34: n/a | AA34: 0 | AB34: none | AC34: main | AD34: =IF(V34<>"te","", IF(OR(AC34="",AC34<>"te"), "te_initial", "te_medial")) | AE34: ss | AF34: ss | AG34: topic-drop | AH34: contains_new | AK34: =L34/K34 -> 1 | AL34: =IF(OR(G34="LVC", G34="LVC (j)", G34="LVC (inf)"), "LVC","non-LVC") -> non-LVC | AM34: {=IF(OR(O34:O191="zero_recoverable", "zero_exalt", "zero_other", "zero_uncertain"), "Yes","No")} -> Yes | AN34: =1 + COUNTIF($V$2:V33,"main") -> 9 | AO34: =IF($A34="","",IF($AH34=$AH35,$V35,"")) -> relative | AP34: =IF(OR($V34="relative",$V34="nominalised"),0,1) -> 1 | AQ34: =IF(AP35=0,"",COUNTIFS($AN$2:$AN35,$AN35,$AP$2:$AP35,1)) | AR34: =IF(AQ34=1,1,0) -> 0 | AS34: zero_recoverable | AT34: overt | AU34: =IF(AND($O34="overt",LEFT($AS34,5)="zero_"),1,0) -> 0 | AV34: =IF(AND($Q34="overt",LEFT($AT34,5)="zero_"),1,0) -> 0
A35: Heike 2.34 | B35: 柄弦袋付けたる ezurubukuro tsuketaru | C35: with a bowstring bag attached | D35: 付けたる | E35: indicative | F35: other | G35: verb | H35: transitive | I35: active | J35: positive | K35: 1 | L35: 1 | M35: OBJ | N35: 0 | O35: zero_recoverable | P35: 3 | Q35: overt | R35: n/a | S35: 1 | T35: 0 | U35: REL | V35: relative | W35: 0 | X35: 0 | Y35: n/a | Z35: n/a | AA35: 0 | AB35: none | AC35: inf | AD35: =IF(V35<>"te","", IF(OR(AC35="",AC35<>"te"), "te_initial", "te_medial")) | AE35: ss | AF35: ss | AG35: topic-drop | AH35: contains_new | AK35: =L35/K35 -> 1 | AL35: =IF(OR(G35="LVC", G35="LVC (j)", G35="LVC (inf)"), "LVC","non-LVC") -> non-LVC | AM35: {=IF(OR(O35:O192="zero_recoverable", "zero_exalt", "zero_other", "zero_uncertain"), "Yes","No")} -> Yes | AN35: =1 + COUNTIF($V$2:V34,"main") -> 9 | AO35: =IF($A35="","",IF($AH35=$AH36,$V36,"")) -> te | AP35: =IF(OR($V35="relative",$V35="nominalised"),0,1) -> 0 | AQ35: =IF(AP36=0,"",COUNTIFS($AN$2:$AN36,$AN36,$AP$2:$AP36,1)) -> 2 | AR35: =IF(AQ35=1,1,0) -> 0 | AS35: zero_recoverable | AT35: overt | AU35: =IF(AND($O35="overt",LEFT($AS35,5)="zero_"),1,0) -> 0 | AV35: =IF(AND($Q35="overt",LEFT($AT35,5)="zero_"),1,0) -> 0
A36: Heike 2.35 | B36: 太刀脇挟んで (tachi wakihasande) | C36: and carrying under his arm a "tachi" | D36: 挟んで | E36: indicative | F36: other | G36: verb | H36: transitive | I36: active | J36: positive | K36: 1 | L36: 2 | M36: O+IO | N36: 0 | O36: zero_recoverable | P36: 3 | Q36: overt | R36: overt | S36: 0 | T36: 0 | U36: n/a | V36: te | W36: 0 | X36: 0 | Y36: n/a | Z36: n/a | AA36: 0 | AB36: none | AC36: relative | AD36: te_medial | AE36: ss | AF36: ss | AG36: topic-drop | AH36: contains_new | AK36: =L36/K36 -> 2 | AL36: =IF(OR(G36="LVC", G36="LVC (j)", G36="LVC (inf)"), "LVC","non-LVC") -> non-LVC | AM36: {=IF(OR(O36:O193="zero_recoverable", "zero_exalt", "zero_other", "zero_uncertain"), "Yes","No")} -> Yes | AN36: =1 + COUNTIF($V$2:V35,"main") -> 9 | AO36: =IF($A36="","",IF($AH36=$AH37,$V37,"")) | AP36: =IF(OR($V36="relative",$V36="nominalised"),0,1) -> 1 | AQ36: =IF(AP37=0,"",COUNTIFS($AN$2:$AN37,$AN37,$AP$2:$AP37,1)) -> 3 | AR36: =IF(AQ36=1,1,0) -> 0 | AS36: zero_recoverable | AT36: n/a | AU36: =IF(AND($O36="overt",LEFT($AS36,5)="zero_"),1,0) -> 0 | AV36: =IF(AND($Q36="overt",LEFT($AT36,5)="zero_"),1,0) -> 0
A37: Heike 2.36 | B37: 殿上の小庭に畏つてぞ候ひける (tenjō no koniwa ni kashikomatte zo soroikyeru) | C37: was waiting in the "koniwa," the small court by the Seiryoden | D37: 畏つて候ひける | E37: indicative | F37: other | G37: verb(complex) | H37: intransitive | I37: active | J37: positive | K37: 1 | L37: 0 | M37: n/a | N37: 1 | O37: zero_recoverable | P37: 3 | Q37: n/a | R37: n/a | S37: 0 | T37: 0 | U37: n/a | V37: main | W37: 0 | X37: 1 | Y37: sub | Z37: lexical_humble_verb | AA37: 0 | AB37: none | AC37: te | AD37: =IF(V37<>"te","", IF(OR(AC37="",AC37<>"te"), "te_initial", "te_medial")) | AE37: ss | AF37: ds | AG37: topic-drop | AH37: no_overt_NP | AK37: =L37/K37 -> 0 | AL37: =IF(OR(G37="LVC", G37="LVC (j)", G37="LVC (inf)"), "LVC","non-LVC") -> non-LVC | AM37: {=IF(OR(O37:O194="zero_recoverable", "zero_exalt", "zero_other", "zero_uncertain"), "Yes","No")} -> Yes | AN37: =1 + COUNTIF($V$2:V36,"main") -> 9 | AO37: =IF($A37="","",IF($AH37=$AH38,$V38,"")) | AP37: =IF(OR($V37="relative",$V37="nominalised"),0,1) -> 1 | AQ37: =IF(AP38=0,"",COUNTIFS($AN$2:$AN38,$AN38,$AP$2:$AP38,1)) -> 1 | AR37: 0 | AS37: overt | AT37: overt | AU37: =IF(AND($O37="overt",LEFT($AS37,5)="zero_"),1,0) -> 0 | AV37: =IF(AND($Q37="overt",LEFT($AT37,5)="zero_"),1,0) -> 0
A38: Heike 2.37 | B38: 貫首以下怪しみをなして (kanshu ika ayashimi o nashite) | C38: Now the Kurando-no-to and others, thinking it strange, | D38: なして | E38: indicative | F38: other | G38: LVC (inf) | H38: transitive | I38: active | J38: negative | K38: 1 | L38: 2 | M38: S+O | N38: 0 | O38: overt | P38: 3 | Q38: overt | R38: n/a | S38: 0 | T38: 0 | U38: n/a | V38: te | W38: 0 | X38: 0 | Y38: n/a | Z38: n/a | AA38: 0 | AB38: sequential | AC38: main | AD38: =IF(V38<>"te","", IF(OR(AC38="",AC38<>"te"), "te_initial", "te_medial")) -> te_initial | AE38: ds | AF38: ss | AG38: topic-shift | AH38: contains_new | AK38: =L38/K38 -> 2 | AL38: =IF(OR(G38="LVC", G38="LVC (j)", G38="LVC (inf)"), "LVC","non-LVC") -> LVC | AM38: {=IF(OR(O38:O195="zero_recoverable", "zero_exalt", "zero_other", "zero_uncertain"), "Yes","No")} -> Yes | AN38: =1 + COUNTIF($V$2:V37,"main") -> 10 | AO38: =IF($A38="","",IF($AH38=$AH39,$V39,"")) -> nominalised | AP38: =IF(OR($V38="relative",$V38="nominalised"),0,1) -> 1 | AQ38: =IF(AP39=0,"",COUNTIFS($AN$2:$AN39,$AN39,$AP$2:$AP39,1)) | AR38: =IF(AQ38=1,1,0) -> 0 | AS38: overt | AT38: n/a | AU38: =IF(AND($O38="overt",LEFT($AS38,5)="zero_"),1,0) -> 0 | AV38: =IF(AND($Q38="overt",LEFT($AT38,5)="zero_"),1,0) -> 0
A39: Heike 2.38 | B39: 空柱より内鈴の綱の辺に布衣の者の候ふ (sorabashira yori uchisuzu no tsuna no hen ni hoi no mono no soroou) | C39: that one wearing unsuitable costume should be within the balustrade of the steps of the Court near the bell-rope of the library, | D39: 候ふ | E39: indicative | F39: other | G39: verb | H39: intransitive | I39: active | J39: positive | K39: 1 | L39: 1 | M39: SUB | N39: 1 | O39: overt | P39: 3 | Q39: n/a | R39: n/a | S39: 0 | T39: 0 | U39: SUB | V39: nominalised | W39: 1 | X39: 0 | Y39: sub | Z39: lexical_humble_verb | AA39: 0 | AB39: none | AC39: te | AD39: =IF(V39<>"te","", IF(OR(AC39="",AC39<>"te"), "te_initial", "te_medial")) | AE39: ss | AF39: ss | AG39: topic-shift | AH39: contains_new | AI39: internally headed | AK39: =L39/K39 -> 1 | AL39: =IF(OR(G39="LVC", G39="LVC (j)", G39="LVC (inf)"), "LVC","non-LVC") -> non-LVC | AM39: {=IF(OR(O39:O196="zero_recoverable", "zero_exalt", "zero_other", "zero_uncertain"), "Yes","No")} -> Yes | AN39: =1 + COUNTIF($V$2:V38,"main") -> 10 | AO39: =IF($A39="","",IF($AH39=$AH40,$V40,"")) | AP39: =IF(OR($V39="relative",$V39="nominalised"),0,1) -> 0 | AQ39: =IF(AP40=0,"",COUNTIFS($AN$2:$AN40,$AN40,$AP$2:$AP40,1)) -> 2 | AR39: =IF(AQ39=1,1,0) -> 0 | AS39: overt | AT39: n/a | AU39: =IF(AND($O39="overt",LEFT($AS39,5)="zero_"),1,0) -> 0 | AV39: =IF(AND($Q39="overt",LEFT($AT39,5)="zero_"),1,0) -> 0
A40: Heike 2.39 | B40: は何者ぞ wa nani mono zo | C40: and wondering who he was. | D40: 何者ぞ | E40: indicative | F40: other | G40: copula | H40: intransitive | I40: active | J40: positive | K40: 1 | L40: 1 | M40: SUB | N40: 0 | O40: overt | P40: 3 | Q40: n/a | R40: n/a | S40: 0 | T40: 0 | U40: n/a | V40: main | W40: 0 | X40: 0 | Y40: n/a | Z40: n/a | AA40: 0 | AB40: none | AC40: nominalised | AD40: =IF(V40<>"te","", IF(OR(AC40="",AC40<>"te"), "te_initial", "te_medial")) | AE40: ss | AF40: ss | AG40: topic-continued | AH40: all given | AK40: =L40/K40 -> 1 | AL40: =IF(OR(G40="LVC", G40="LVC (j)", G40="LVC (inf)"), "LVC","non-LVC") -> non-LVC | AM40: {=IF(OR(O40:O197="zero_recoverable", "zero_exalt", "zero_other", "zero_uncertain"), "Yes","No")} -> Yes | AN40: =1 + COUNTIF($V$2:V39,"main") -> 10 | AO40: =IF($A40="","",IF($AH40=$AH41,$V41,"")) | AP40: =IF(OR($V40="relative",$V40="nominalised"),0,1) -> 1 | AQ40: =IF(AP41=0,"",COUNTIFS($AN$2:$AN41,$AN41,$AP$2:$AP41,1)) -> 1 | AR40: 0 | AS40: zero_other | AT40: n/a | AU40: =IF(AND($O40="overt",LEFT($AS40,5)="zero_"),1,0) -> 1 | AV40: =IF(AND($Q40="overt",LEFT($AT40,5)="zero_"),1,0) -> 0
A41: Heike 2.40 | B41: 狼藉なり (rōzaku nari) | C41: "[He is] disorderly" | D41: なり | E41: indicative | F41: stative | G41: copula | H41: intransitive | I41: active | J41: positive | K41: 1 | L41: 0 | M41: n/a | N41: 0 | O41: zero_other | P41: 3 | Q41: n/a | R41: n/a | S41: 0 | T41: 0 | U41: n/a | V41: main | W41: 0 | X41: 0 | Y41: n/a | Z41: n/a | AA41: 0 | AB41: none | AC41: main | AD41: =IF(V41<>"te","", IF(OR(AC41="",AC41<>"te"), "te_initial", "te_medial")) | AE41: ss | AF41: ss | AG41: topic-drop | AH41: no_overt_NP | AK41: =L41/K41 -> 0 | AL41: =IF(OR(G41="LVC", G41="LVC (j)", G41="LVC (inf)"), "LVC","non-LVC") -> non-LVC | AM41: {=IF(OR(O41:O198="zero_recoverable", "zero_exalt", "zero_other", "zero_uncertain"), "Yes","No")} -> Yes | AN41: =1 + COUNTIF($V$2:V40,"main") -> 11 | AO41: =IF($A41="","",IF($AH41=$AH42,$V42,"")) -> complement | AP41: =IF(OR($V41="relative",$V41="nominalised"),0,1) -> 1 | AQ41: =IF(AP42=0,"",COUNTIFS($AN$2:$AN42,$AN42,$AP$2:$AP42,1)) -> 1 | AR41: =IF(AQ41=1,1,0) -> 1 | AS41: zero_recoverable | AT41: n/a | AU41: =IF(AND($O41="overt",LEFT($AS41,5)="zero_"),1,0) -> 0 | AV41: =IF(AND($Q41="overt",LEFT($AT41,5)="zero_"),1,0) -> 0
A42: Heike 2.41 | B42: 疾う疾う罷り出でよと (tōtō makari ideyo to) | C42: "Depart quickly" | D42: 罷り出でよ | E42: imperative | F42: motion | G42: verb | H42: intransitive | I42: active | J42: positive | K42: 1 | L42: 0 | M42: n/a | N42: 0 | O42: zero_recoverable | P42: 2 | Q42: n/a | R42: n/a | S42: 0 | T42: 0 | U42: n/a | V42: complement | W42: 0 | X42: 1 | Y42: sub | Z42: lexical_humble_verb | AA42: 0 | AB42: quotative | AC42: main | AD42: =IF(V42<>"te","", IF(OR(AC42="",AC42<>"te"), "te_initial", "te_medial")) | AE42: ss | AF42: ss | AG42: topic-drop | AH42: no_overt_NP | AI42: embedded | AK42: =L42/K42 -> 0 | AL42: =IF(OR(G42="LVC", G42="LVC (j)", G42="LVC (inf)"), "LVC","non-LVC") -> non-LVC | AM42: {=IF(OR(O42:O199="zero_recoverable", "zero_exalt", "zero_other", "zero_uncertain"), "Yes","No")} -> Yes | AN42: =1 + COUNTIF($V$2:V41,"main") -> 12 | AO42: =IF($A42="","",IF($AH42=$AH43,$V43,"")) | AP42: =IF(OR($V42="relative",$V42="nominalised"),0,1) -> 1 | AQ42: =IF(AP43=0,"",COUNTIFS($AN$2:$AN43,$AN43,$AP$2:$AP43,1)) -> 2 | AR42: 1 | AS42: zero_recoverable | AT42: overt | AU42: =IF(AND($O42="overt",LEFT($AS42,5)="zero_"),1,0) -> 0 | AV42: =IF(AND($Q42="overt",LEFT($AT42,5)="zero_"),1,0) -> 0
A43: Heike 2.42 | B43: 六位を以て云はせられたりければ (to roku-i o motte iwaseraretarikereba) | C43: an official of the sixth rank ordered him to depart quickly. | D43: 云はせられたりければ | E43: indicative | F43: stative | G43: verb | H43: intransitive | I43: causative-passive-resultative | J43: positive | K43: 1 | L43: 2 | M43: O (Speech) +IO | N43: 1 | O43: zero_recoverable | P43: 3 | Q43: overt | R43: n/a | S43: 0 | T43: 0 | U43: n/a | V43: subordinate | W43: 1 | X43: 0 | Y43: n/a | Z43: honorific_aux | AA43: 0 | AB43: none | AC43: complement | AD43: =IF(V43<>"te","", IF(OR(AC43="",AC43<>"te"), "te_initial", "te_medial")) | AE43: ss | AF43: ss | AG43: topic-drop | AH43: contains_new | AK43: =L43/K43 -> 2 | AL43: =IF(OR(G43="LVC", G43="LVC (j)", G43="LVC (inf)"), "LVC","non-LVC") -> non-LVC | AM43: {=IF(OR(O43:O200="zero_recoverable", "zero_exalt", "zero_other", "zero_uncertain"), "Yes","No")} -> Yes | AN43: =1 + COUNTIF($V$2:V42,"main") -> 12 | AO43: =IF($A43="","",IF($AH43=$AH44,$V44,"")) | AP43: =IF(OR($V43="relative",$V43="nominalised"),0,1) -> 1 | AQ43: =IF(AP44=0,"",COUNTIFS($AN$2:$AN44,$AN44,$AP$2:$AP44,1)) -> 3 | AR43: =IF(AQ43=1,1,0) -> 0 | AS43: overt | AT43: zero_other | AU43: =IF(AND($O43="overt",LEFT($AS43,5)="zero_"),1,0) -> 0 | AV43: =IF(AND($Q43="overt",LEFT($AT43,5)="zero_"),1,0) -> 1
A44: Heike 2.43 | B44: 家貞畏つて申しけるは (Iesada kashikomatte mōshikeru wa) | C44: But Iesada thus replied: | D44: 申しける | E44: indicative | F44: action | G44: verb | H44: transitive | I44: active | J44: positive | K44: 1 | L44: 1 | M44: SUB | N44: 0 | O44: overt | P44: 3 | Q44: zero_other | R44: n/a | S44: 1 | T44: 0 | U44: SUB | V44: subordinate | W44: 1 | X44: 0 | Y44: sub | Z44: lexical_humble_verb | AA44: 0 | AB44: none | AC44: subordinate | AD44: =IF(V44<>"te","", IF(OR(AC44="",AC44<>"te"), "te_initial", "te_medial")) | AE44: ss | AF44: ds | AG44: topic-continued | AH44: all given | AI44: internally headed | AK44: =L44/K44 -> 1 | AL44: =IF(OR(G44="LVC", G44="LVC (j)", G44="LVC (inf)"), "LVC","non-LVC") -> non-LVC | AM44: {=IF(OR(O44:O201="zero_recoverable", "zero_exalt", "zero_other", "zero_uncertain"), "Yes","No")} -> Yes | AN44: =1 + COUNTIF($V$2:V43,"main") -> 12 | AO44: =IF($A44="","",IF($AH44=$AH45,$V45,"")) | AP44: =IF(OR($V44="relative",$V44="nominalised"),0,1) -> 1 | AQ44: =IF(AP45=0,"",COUNTIFS($AN$2:$AN45,$AN45,$AP$2:$AP45,1)) | AR44: =IF(AQ44=1,1,0) -> 0 | AS44: overt | AT44: n/a | AU44: =IF(AND($O44="overt",LEFT($AS44,5)="zero_"),1,0) -> 0 | AV44: =IF(AND($Q44="overt",LEFT($AT44,5)="zero_"),1,0) -> 0
A45: Heike 2.44 | B45: 相伝の主備前守殿今夜闇討にせられ給ふべき (sōden no aruji Bizen no kami-dono kon'ya yamiuchi ni serare-tamō beki) | C45: tonight they will try to kill my Lord Bizen-no-kami dono" | D45: 闇討にせられ給ふ | E45: indicative | F45: other | G45: LVC | H45: intransitive | I45: passive | J45: positive | K45: 1 | L45: 1 | M45: SUB | N45: 1 | O45: overt | P45: 3 | Q45: n/a | R45: n/a | S45: 0 | T45: 1 | U45: REL | V45: relative | W45: 1 | X45: 0 | Y45: sub | Z45: lexical_honorific_verb | AA45: 0 | AB45: none | AC45: subordinate | AD45: =IF(V45<>"te","", IF(OR(AC45="",AC45<>"te"), "te_initial", "te_medial")) | AE45: ds | AF45: ss | AG45: topic-shift | AH45: contains_new | AK45: =L45/K45 -> 1 | AL45: =IF(OR(G45="LVC", G45="LVC (j)", G45="LVC (inf)"), "LVC","non-LVC") -> LVC | AM45: {=IF(OR(O45:O202="zero_recoverable", "zero_exalt", "zero_other", "zero_uncertain"), "Yes","No")} -> Yes | AN45: =1 + COUNTIF($V$2:V44,"main") -> 12 | AO45: =IF($A45="","",IF($AH45=$AH46,$V46,"")) -> te | AP45: =IF(OR($V45="relative",$V45="nominalised"),0,1) -> 0 | AQ45: =IF(AP46=0,"",COUNTIFS($AN$2:$AN46,$AN46,$AP$2:$AP46,1)) -> 4 | AR45: =IF(AQ45=1,1,0) -> 0 | AS45: zero_recoverable | AT45: overt | AU45: =IF(AND($O45="overt",LEFT($AS45,5)="zero_"),1,0) -> 1 | AV45: =IF(AND($Q45="overt",LEFT($AT45,5)="zero_"),1,0) -> 0
A46: Heike 2.45 | B46: 由伝へ承つて(yoshi tsutae uketamawatte) | C46: Because I have heard that | D46: 伝へ承つて | E46: indicative | F46: communication | G46: verb | H46: transitive | I46: active | J46: positive | K46: 1 | L46: 1 | M46: OBJ | N46: 0 | O46: zero_recoverable | P46: 1 | Q46: overt | R46: n/a | S46: 0 | T46: 0 | U46: n/a | V46: te | W46: 0 | X46: 1 | Y46: sub | Z46: honorific_aux | AA46: 0 | AB46: sequential | AC46: relative | AD46: te_medial | AE46: ss | AF46: ds | AG46: topic-drop | AH46: contains_new | AK46: =L46/K46 -> 1 | AL46: =IF(OR(G46="LVC", G46="LVC (j)", G46="LVC (inf)"), "LVC","non-LVC") -> non-LVC | AM46: {=IF(OR(O46:O203="zero_recoverable", "zero_exalt", "zero_other", "zero_uncertain"), "Yes","No")} -> Yes | AN46: =1 + COUNTIF($V$2:V45,"main") -> 12 | AO46: =IF($A46="","",IF($AH46=$AH47,$V47,"")) | AP46: =IF(OR($V46="relative",$V46="nominalised"),0,1) -> 1 | AQ46: =IF(AP47=0,"",COUNTIFS($AN$2:$AN47,$AN47,$AP$2:$AP47,1)) | AR46: =IF(AQ46=1,1,0) -> 0 | AS46: overt | AT46: n/a | AU46: =IF(AND($O46="overt",LEFT($AS46,5)="zero_"),1,0) -> 0 | AV46: =IF(AND($Q46="overt",LEFT($AT46,5)="zero_"),1,0) -> 0
A47: Heike 2.46 | B47: それならん (sore naran ) | C47: "whether it is so" | D47: ならん | E47: epistemic | F47: other | G47: verb | H47: intransitive | I47: active | J47: positive | K47: 1 | L47: 1 | M47: SUB | N47: 0 | O47: overt | P47: 3 | Q47: n/a | R47: n/a | S47: 0 | T47: 1 | U47: REL | V47: relative | W47: 0 | X47: 0 | Y47: n/a | Z47: n/a | AA47: 0 | AB47: none | AC47: te | AD47: =IF(V47<>"te","", IF(OR(AC47="",AC47<>"te"), "te_initial", "te_medial")) | AE47: ds | AF47: ds | AG47: topic-continued | AH47: all given | AK47: =L47/K47 -> 1 | AL47: =IF(OR(G47="LVC", G47="LVC (j)", G47="LVC (inf)"), "LVC","non-LVC") -> non-LVC | AM47: {=IF(OR(O47:O204="zero_recoverable", "zero_exalt", "zero_other", "zero_uncertain"), "Yes","No")} -> Yes | AN47: =1 + COUNTIF($V$2:V46,"main") -> 12 | AO47: =IF($A47="","",IF($AH47=$AH48,$V48,"")) | AP47: =IF(OR($V47="relative",$V47="nominalised"),0,1) -> 0 | AQ47: =IF(AP48=0,"",COUNTIFS($AN$2:$AN48,$AN48,$AP$2:$AP48,1)) -> 5 | AR47: =IF(AQ47=1,1,0) -> 0 | AS47: zero_recoverable | AT47: overt | AU47: =IF(AND($O47="overt",LEFT($AS47,5)="zero_"),1,0) -> 1 | AV47: =IF(AND($Q47="overt",LEFT($AT47,5)="zero_"),1,0) -> 0
A48: Heike 2.47 | B48: やうを見んとて (yō o min to te) | C48: and in order to see | D48: 見ん | E48: dynamic | F48: perception | G48: verb | H48: transitive | I48: active | J48: positive | K48: 1 | L48: 1 | M48: OBJ | N48: 0 | O48: zero_recoverable | P48: 1 | Q48: overt | R48: n/a | S48: 0 | T48: 0 | U48: REL | V48: subordinate | W48: 0 | X48: 0 | Y48: n/a | Z48: n/a | AA48: 0 | AB48: purpose | AC48: relative | AD48: =IF(V48<>"te","", IF(OR(AC48="",AC48<>"te"), "te_initial", "te_medial")) | AE48: ds | AF48: ss | AG48: topic-drop | AH48: contains_new | AK48: =L48/K48 -> 1 | AL48: =IF(OR(G48="LVC", G48="LVC (j)", G48="LVC (inf)"), "LVC","non-LVC") -> non-LVC | AM48: {=IF(OR(O48:O205="zero_recoverable", "zero_exalt", "zero_other", "zero_uncertain"), "Yes","No")} -> Yes | AN48: =1 + COUNTIF($V$2:V47,"main") -> 12 | AO48: =IF($A48="","",IF($AH48=$AH49,$V49,"")) | AP48: =IF(OR($V48="relative",$V48="nominalised"),0,1) -> 1 | AQ48: =IF(AP49=0,"",COUNTIFS($AN$2:$AN49,$AN49,$AP$2:$AP49,1)) -> 6 | AR48: =IF(AQ48=1,1,0) -> 0 | AS48: zero_exalt | AT48: n/a | AU48: =IF(AND($O48="overt",LEFT($AS48,5)="zero_"),1,0) -> 0 | AV48: =IF(AND($Q48="overt",LEFT($AT48,5)="zero_"),1,0) -> 0
A49: Heike 2.48 | B49: かくて候ふなり (kakute soro fu nari) | C49: "have come and am thus waiting" | D49: 候ふなり | E49: indicative | F49: stative | G49: verb(complex) | H49: intransitive | I49: active | J49: positive | K49: 1 | L49: 0 | M49: n/a | N49: 1 | O49: zero_exalt | P49: 1 | Q49: n/a | R49: n/a | S49: 0 | T49: 0 | U49: n/a | V49: main | W49: 0 | X49: 1 | Y49: sub | Z49: lexical_humble_verb | AA49: 0 | AB49: none | AC49: subordinate | AD49: =IF(V49<>"te","", IF(OR(AC49="",AC49<>"te"), "te_initial", "te_medial")) | AE49: ss | AF49: ss | AG49: topic-drop | AH49: no_overt_NP | AK49: =L49/K49 -> 0 | AL49: =IF(OR(G49="LVC", G49="LVC (j)", G49="LVC (inf)"), "LVC","non-LVC") -> non-LVC | AM49: {=IF(OR(O49:O206="zero_recoverable", "zero_exalt", "zero_other", "zero_uncertain"), "Yes","No")} -> Yes | AN49: =1 + COUNTIF($V$2:V48,"main") -> 12 | AO49: =IF($A49="","",IF($AH49=$AH50,$V50,"")) -> main | AP49: =IF(OR($V49="relative",$V49="nominalised"),0,1) -> 1 | AQ49: =IF(AP50=0,"",COUNTIFS($AN$2:$AN50,$AN50,$AP$2:$AP50,1)) -> 1 | AR49: 0 | AS49: zero_exalt | AT49: n/a | AU49: =IF(AND($O49="overt",LEFT($AS49,5)="zero_"),1,0) -> 0 | AV49: =IF(AND($Q49="overt",LEFT($AT49,5)="zero_"),1,0) -> 0
A50: Heike 2.49 | B50: えこそ出でまじう候へ (e koso idema jiu soro e) | C50: "I cannot possibly go out" | D50: 出でまじう候へ | E50: dynamic | F50: motion | G50: verb | H50: intransitive | I50: active | J50: negative | K50: 1 | L50: 0 | M50: n/a | N50: 0 | O50: zero_exalt | P50: 1 | Q50: n/a | R50: n/a | S50: 0 | T50: 0 | U50: n/a | V50: main | W50: 0 | X50: 1 | Y50: sub | Z50: polite_aux | AA50: 0 | AB50: none | AC50: main | AD50: =IF(V50<>"te","", IF(OR(AC50="",AC50<>"te"), "te_initial", "te_medial")) | AE50: ss | AF50: ds | AG50: topic-drop | AH50: no_overt_NP | AK50: =L50/K50 -> 0 | AL50: =IF(OR(G50="LVC", G50="LVC (j)", G50="LVC (inf)"), "LVC","non-LVC") -> non-LVC | AM50: {=IF(OR(O50:O207="zero_recoverable", "zero_exalt", "zero_other", "zero_uncertain"), "Yes","No")} -> Yes | AN50: =1 + COUNTIF($V$2:V49,"main") -> 13 | AO50: =IF($A50="","",IF($AH50=$AH51,$V51,"")) | AP50: =IF(OR($V50="relative",$V50="nominalised"),0,1) -> 1 | AQ50: =IF(AP51=0,"",COUNTIFS($AN$2:$AN51,$AN51,$AP$2:$AP51,1)) -> 1 | AR50: =IF(AQ50=1,1,0) -> 1 | AS50: overt | AT50: n/a | AU50: =IF(AND($O50="overt",LEFT($AS50,5)="zero_"),1,0) -> 0 | AV50: =IF(AND($Q50="overt",LEFT($AT50,5)="zero_"),1,0) -> 0
A51: Heike 2.50 | B51: これらを由なしとや (korera o yoshi nashi to ya) | C51: there was nothing more to be done; | D51: なし | E51: indicative | F51: stative | G51: existential verb | H51: intransitive | I51: active | J51: negative | K51: 1 | L51: 1 | M51: SUB | N51: 1 | O51: overt | P51: 3 | Q51: n/a | R51: n/a | S51: 0 | T51: 0 | U51: n/a | V51: complement | W51: 0 | X51: 0 | Y51: n/a | Z51: n/a | AA51: 0 | AB51: quotative | AC51: main | AD51: =IF(V51<>"te","", IF(OR(AC51="",AC51<>"te"), "te_initial", "te_medial")) | AE51: ds | AG51: topic-continued | AH51: contains_new | AK51: =L51/K51 -> 1 | AL51: =IF(OR(G51="LVC", G51="LVC (j)", G51="LVC (inf)"), "LVC","non-LVC") -> non-LVC | AM51: {=IF(OR(O51:O208="zero_recoverable", "zero_exalt", "zero_other", "zero_uncertain"), "Yes","No")} -> Yes | AN51: =1 + COUNTIF($V$2:V50,"main") -> 14 | AO51: =IF($A51="","",IF($AH51=$AH52,$V52,"")) -> main | AP51: =IF(OR($V51="relative",$V51="nominalised"),0,1) -> 1 | AQ51: =IF(AP52=0,"",COUNTIFS($AN$2:$AN52,$AN52,$AP$2:$AP52,1)) -> 2 | AR51: =IF(AQ51=1,1,0) -> 0 | AS51: zero_exalt | AT51: overt | AU51: =IF(AND($O51="overt",LEFT($AS51,5)="zero_"),1,0) -> 1 | AV51: =IF(AND($Q51="overt",LEFT($AT51,5)="zero_"),1,0) -> 0
B52: 思はれけん (omowareken) | C52: And they saw that | D52: 思はれけん | E52: epistemic | F52: psych-state | G52: verb | H52: transitive | I52: active | J52: positive | K52: 1 | L52: 1 | M52: O (Speech) | N52: 0 | O52: zero_exalt | P52: 3 | Q52: overt | R52: n/a | S52: 0 | T52: 0 | U52: n/a | V52: main | W52: 0 | X52: 1 | Y52: sub | Z52: honorific_aux | AA52: 0 | AB52: main | AD52: =IF(V52<>"te","", IF(OR(AC52="",AC52<>"te"), "te_initial", "te_medial")) | AE52: ds | AG52: topic-drop | AH52: contains_new | AK52: =L52/K52 -> 1 | AL52: =IF(OR(G52="LVC", G52="LVC (j)", G52="LVC (inf)"), "LVC","non-LVC") -> non-LVC | AM52: {=IF(OR(O52:O209="zero_recoverable", "zero_exalt", "zero_other", "zero_uncertain"), "Yes","No")} -> Yes | AN52: =1 + COUNTIF($V$2:V51,"main") -> 14 | AO52: =IF($A52="","",IF($AH52=$AH53,$V53,"")) | AP52: =IF(OR($V52="relative",$V52="nominalised"),0,1) -> 1 | AQ52: =IF(AP53=0,"",COUNTIFS($AN$2:$AN53,$AN53,$AP$2:$AP53,1)) -> 1 | AR52: 0 | AS52: overt | AT52: n/a | AU52: =IF(AND($O52="overt",LEFT($AS52,5)="zero_"),1,0) -> 0 | AV52: =IF(AND($Q52="overt",LEFT($AT52,5)="zero_"),1,0) -> 0
A53: Heike 2.51 | B53: その夜の闇討なかりけり (sono yo no yamiuchi nakarikeri) | C53: and thus the attempt did not take place. | D53: なかりけり | E53: indicative | F53: aux/modal | G53: verb | H53: intransitive | I53: active | J53: negative | K53: 1 | L53: 1 | M53: SUB | N53: 0 | O53: overt | P53: inanimate | Q53: n/a | R53: n/a | S53: 0 | T53: 0 | U53: n/a | V53: main | W53: 0 | X53: 0 | Y53: n/a | Z53: n/a | AA53: 0 | AB53: none | AC53: main | AD53: =IF(V53<>"te","", IF(OR(AC53="",AC53<>"te"), "te_initial", "te_medial")) | AE53: ss | AF53: ds | AG53: topic-shift | AH53: contains_new | AK53: =L53/K53 -> 1 | AL53: =IF(OR(G53="LVC", G53="LVC (j)", G53="LVC (inf)"), "LVC","non-LVC") -> non-LVC | AM53: {=IF(OR(O53:O210="zero_recoverable", "zero_exalt", "zero_other", "zero_uncertain"), "Yes","No")} -> Yes | AN53: =1 + COUNTIF($V$2:V52,"main") -> 15 | AO53: =IF($A53="","",IF($AH53=$AH54,$V54,"")) -> subordinate | AP53: =IF(OR($V53="relative",$V53="nominalised"),0,1) -> 1 | AQ53: =IF(AP54=0,"",COUNTIFS($AN$2:$AN54,$AN54,$AP$2:$AP54,1)) -> 1 | AR53: =IF(AQ53=1,1,0) -> 1 | AS53: overt | AT53: n/a | AU53: =IF(AND($O53="overt",LEFT($AS53,5)="zero_"),1,0) -> 0 | AV53: =IF(AND($Q53="overt",LEFT($AT53,5)="zero_"),1,0) -> 0
A54: Heike 2.52 | B54: 忠盛また御前の召しに舞はれけるに (Tadamori mata gozen no meshi ni mawarekeru ni) | C54: But when Tadamori danced in the August presence of the Mikado at his Imperial wish, | D54: 舞はれける | E54: indicative | F54: action | G54: verb | H54: intransitive | I54: active | J54: positive | K54: 1 | L54: 1 | M54: SUB | N54: 1 | O54: overt | P54: 3 | Q54: n/a | R54: n/a | S54: 0 | T54: 0 | U54: REL | V54: subordinate | W54: 1 | X54: 0 | Y54: sub | Z54: honorific_aux | AA54: 0 | AB54: temporal | AC54: main | AD54: =IF(V54<>"te","", IF(OR(AC54="",AC54<>"te"), "te_initial", "te_medial")) | AE54: ds | AF54: ds | AG54: topic-shift | AH54: contains_new | AK54: =L54/K54 -> 1 | AL54: =IF(OR(G54="LVC", G54="LVC (j)", G54="LVC (inf)"), "LVC","non-LVC") -> non-LVC | AM54: {=IF(OR(O54:O211="zero_recoverable", "zero_exalt", "zero_other", "zero_uncertain"), "Yes","No")} -> Yes | AN54: =1 + COUNTIF($V$2:V53,"main") -> 16 | AO54: =IF($A54="","",IF($AH54=$AH55,$V55,"")) -> te | AP54: =IF(OR($V54="relative",$V54="nominalised"),0,1) -> 1 | AQ54: =IF(AP55=0,"",COUNTIFS($AN$2:$AN55,$AN55,$AP$2:$AP55,1)) -> 2 | AR54: 0 | AS54: overt | AT54: overt | AU54: =IF(AND($O54="overt",LEFT($AS54,5)="zero_"),1,0) -> 0 | AV54: =IF(AND($Q54="overt",LEFT($AT54,5)="zero_"),1,0) -> 0
A55: Heike 2.53 | B55: 人々拍子を変へて (hitobito hyōshi o kaete) | C55: the others mocked at him, changing the words of the music | D55: 変へて | E55: indicative | F55: other | G55: verb | H55: transitive | I55: active | J55: positive | K55: 1 | L55: 2 | M55: S+O | N55: 0 | O55: overt | P55: 3 | Q55: overt | R55: n/a | S55: 0 | T55: 0 | U55: n/a | V55: te | W55: 0 | X55: 0 | Y55: n/a | Z55: n/a | AA55: 0 | AB55: sequential | AC55: subordinate | AD55: te_medial | AE55: ds | AF55: ds | AG55: topic-shift | AH55: contains_new | AK55: =L55/K55 -> 2 | AL55: =IF(OR(G55="LVC", G55="LVC (j)", G55="LVC (inf)"), "LVC","non-LVC") -> non-LVC | AM55: {=IF(OR(O55:O212="zero_recoverable", "zero_exalt", "zero_other", "zero_uncertain"), "Yes","No")} -> Yes | AN55: =1 + COUNTIF($V$2:V54,"main") -> 16 | AO55: =IF($A55="","",IF($AH55=$AH56,$V56,"")) -> complement | AP55: =IF(OR($V55="relative",$V55="nominalised"),0,1) -> 1 | AQ55: =IF(AP56=0,"",COUNTIFS($AN$2:$AN56,$AN56,$AP$2:$AP56,1)) -> 3 | AR55: =IF(AQ55=1,1,0) -> 0 | AS55: overt | AT55: n/a | AU55: =IF(AND($O55="overt",LEFT($AS55,5)="zero_"),1,0) -> 0 | AV55: =IF(AND($Q55="overt",LEFT($AT55,5)="zero_"),1,0) -> 0
A56: Heike 2.54 | B56: 伊勢へいじはすがめなりけりとぞ (Ise heiji wa sugame narikeri) | C56: "the winepot of Ise has turned into a vinegar jar" | D56: なりけり | E56: indicative | F56: stative | G56: copula | H56: intransitive | I56: active | J56: positive | K56: 1 | L56: 1 | M56: SUB | N56: 0 | O56: overt | P56: 3 | Q56: n/a | R56: n/a | S56: 0 | T56: 0 | U56: n/a | V56: complement | W56: 0 | X56: 0 | Y56: n/a | Z56: n/a | AA56: 0 | AB56: quotative | AC56: te | AD56: =IF(V56<>"te","", IF(OR(AC56="",AC56<>"te"), "te_initial", "te_medial")) | AE56: ds | AF56: ss | AG56: topic-introduced | AH56: contains_new | AK56: =L56/K56 -> 1 | AL56: =IF(OR(G56="LVC", G56="LVC (j)", G56="LVC (inf)"), "LVC","non-LVC") -> non-LVC | AM56: {=IF(OR(O56:O213="zero_recoverable", "zero_exalt", "zero_other", "zero_uncertain"), "Yes","No")} -> Yes | AN56: =1 + COUNTIF($V$2:V55,"main") -> 16 | AO56: =IF($A56="","",IF($AH56=$AH57,$V57,"")) -> main | AP56: =IF(OR($V56="relative",$V56="nominalised"),0,1) -> 1 | AQ56: =IF(AP57=0,"",COUNTIFS($AN$2:$AN57,$AN57,$AP$2:$AP57,1)) -> 4 | AR56: =IF(AQ56=1,1,0) -> 0 | AS56: zero_exalt | AT56: overt | AU56: =IF(AND($O56="overt",LEFT($AS56,5)="zero_"),1,0) -> 1 | AV56: =IF(AND($Q56="overt",LEFT($AT56,5)="zero_"),1,0) -> 0
A57: Heike 2.55 | B57: 囃されける (to zo hayasarekeru) | C57: they sang in mockery | D57: 囃されける | E57: indicative | F57: action | G57: verb | H57: transitive | I57: active | J57: positive | K57: 1 | L57: 1 | M57: O (Speech) | N57: 0 | O57: zero_exalt | P57: 3 | Q57: overt | R57: n/a | S57: 0 | T57: 0 | U57: kakari-musubi | V57: main | W57: 0 | X57: 1 | Y57: sub | Z57: honorific_aux | AA57: 0 | AB57: main | AC57: complement | AD57: =IF(V57<>"te","", IF(OR(AC57="",AC57<>"te"), "te_initial", "te_medial")) | AE57: ss | AF57: ss | AG57: topic-drop | AH57: contains_new | AK57: =L57/K57 -> 1 | AL57: =IF(OR(G57="LVC", G57="LVC (j)", G57="LVC (inf)"), "LVC","non-LVC") -> non-LVC | AM57: {=IF(OR(O57:O214="zero_recoverable", "zero_exalt", "zero_other", "zero_uncertain"), "Yes","No")} -> Yes | AN57: =1 + COUNTIF($V$2:V56,"main") -> 16 | AO57: =IF($A57="","",IF($AH57=$AH58,$V58,"")) -> subordinate | AP57: =IF(OR($V57="relative",$V57="nominalised"),0,1) -> 1 | AQ57: =IF(AP58=0,"",COUNTIFS($AN$2:$AN58,$AN58,$AP$2:$AP58,1)) -> 1 | AR57: 0 | AS57: overt | AT57: overt | AU57: =IF(AND($O57="overt",LEFT($AS57,5)="zero_"),1,0) -> 0 | AV57: =IF(AND($Q57="overt",LEFT($AT57,5)="zero_"),1,0) -> 0
A58: Heike 2.56 | B58: かけまくも忝くこの人々は柏原天皇の御末とは申しながら (kakemakumo katabokaku kono hitobito wa Kashiwabara Tennō no o-sue to wa mōshinagara) | C58: In thus mentioning the vessels of his province they punned on his title... | D58: 申しながら | E58: indicative | F58: communication | G58: verb | H58: transitive | I58: active | J58: positive | K58: 1 | L58: 2 | M58: S+O (Speech) | N58: 1 | O58: overt | P58: 3 | Q58: overt | R58: n/a | S58: 0 | T58: 0 | U58: n/a | V58: subordinate | W58: 1 | X58: 0 | Y58: sub | Z58: lexical_humble_verb | AA58: 0 | AB58: temporal | AC58: main | AD58: =IF(V58<>"te","", IF(OR(AC58="",AC58<>"te"), "te_initial", "te_medial")) | AE58: ss | AF58: ds | AG58: topic-shift | AH58: contains_new | AK58: =L58/K58 -> 2 | AL58: =IF(OR(G58="LVC", G58="LVC (j)", G58="LVC (inf)"), "LVC","non-LVC") -> non-LVC | AM58: {=IF(OR(O58:O215="zero_recoverable", "zero_exalt", "zero_other", "zero_uncertain"), "Yes","No")} -> Yes | AN58: =1 + COUNTIF($V$2:V57,"main") -> 17 | AO58: =IF($A58="","",IF($AH58=$AH59,$V59,"")) -> main | AP58: =IF(OR($V58="relative",$V58="nominalised"),0,1) -> 1 | AQ58: =IF(AP59=0,"",COUNTIFS($AN$2:$AN59,$AN59,$AP$2:$AP59,1)) -> 2 | AR58: 1 | AS58: overt | AT58: n/a | AU58: =IF(AND($O58="overt",LEFT($AS58,5)="zero_"),1,0) -> 0 | AV58: =IF(AND($Q58="overt",LEFT($AT58,5)="zero_"),1,0) -> 0
A59: Heike 2.57 | B59: 中比は都の住まひも疎々しく (chūbi wa miyako no sumai mo utoutoshiku) | C59: and since lately his family had lived away from the capital, | D59: 疎々しく | E59: indicative | F59: psych-state | G59: adjectival predicate | H59: intransitive | I59: active | J59: positive | K59: 1 | L59: 1 | M59: SUB | N59: 1 | O59: overt | P59: 3 | Q59: n/a | R59: n/a | S59: 0 | T59: 0 | U59: n/a | V59: main | W59: 0 | X59: 0 | Y59: n/a | Z59: n/a | AA59: 0 | AB59: none | AC59: subordinate | AD59: =IF(V59<>"te","", IF(OR(AC59="",AC59<>"te"), "te_initial", "te_medial")) | AE59: ds | AF59: ss | AG59: topic-shift | AH59: contains_new | AK59: =L59/K59 -> 1 | AL59: =IF(OR(G59="LVC", G59="LVC (j)", G59="LVC (inf)"), "LVC","non-LVC") -> non-LVC | AM59: {=IF(OR(O59:O216="zero_recoverable", "zero_exalt", "zero_other", "zero_uncertain"), "Yes","No")} -> Yes | AN59: =1 + COUNTIF($V$2:V58,"main") -> 17 | AO59: =IF($A59="","",IF($AH59=$AH60,$V60,"")) -> te | AP59: =IF(OR($V59="relative",$V59="nominalised"),0,1) -> 1 | AQ59: =IF(AP60=0,"",COUNTIFS($AN$2:$AN60,$AN60,$AP$2:$AP60,1)) -> 1 | AR59: 0 | AS59: zero_recoverable | AT59: n/a | AU59: =IF(AND($O59="overt",LEFT($AS59,5)="zero_"),1,0) -> 1 | AV59: =IF(AND($Q59="overt",LEFT($AT59,5)="zero_"),1,0) -> 0
A60: Heike 2.58 | B60: 地下にのみ振舞ひなつて ( jige ni nomi furumai natte) | C60: behaving as mere provincial folk | D60: 振舞ひなつて | E60: indicative | F60: other | G60: verb(compound) | H60: intransitive | I60: active | J60: positive | K60: 1 | L60: 1 | M60: IO | N60: 0 | O60: zero_recoverable | P60: 3 | Q60: n/a | R60: overt | S60: 0 | T60: 0 | U60: n/a | V60: te | W60: 0 | X60: 0 | Y60: n/a | Z60: n/a | AA60: 0 | AB60: sequential | AC60: main | AD60: te_medial | AE60: ss | AF60: ss | AG60: topic-drop | AH60: contains_new | AK60: =L60/K60 -> 1 | AL60: =IF(OR(G60="LVC", G60="LVC (j)", G60="LVC (inf)"), "LVC","non-LVC") -> non-LVC | AM60: {=IF(OR(O60:O217="zero_recoverable", "zero_exalt", "zero_other", "zero_uncertain"), "Yes","No")} -> Yes | AN60: =1 + COUNTIF($V$2:V59,"main") -> 18 | AO60: =IF($A60="","",IF($AH60=$AH61,$V61,"")) -> subordinate | AP60: =IF(OR($V60="relative",$V60="nominalised"),0,1) -> 1 | AQ60: =IF(AP61=0,"",COUNTIFS($AN$2:$AN61,$AN61,$AP$2:$AP61,1)) -> 2 | AR60: =IF(AQ60=1,1,0) -> 0 | AS60: zero_recoverable | AT60: n/a | AU60: =IF(AND($O60="overt",LEFT($AS60,5)="zero_"),1,0) -> 0 | AV60: =IF(AND($Q60="overt",LEFT($AT60,5)="zero_"),1,0) -> 0
A61: Heike 2.59 | B61: 伊勢国に住国深かりしかば (Ise no kuni ni sumikoku fukakarishikaba) | C61: and as they lived deep in Ise province, they likened him to the vessels of that province | D61: 深かりしかば | E61: indicative | F61: psych-state | G61: adjectival predicate | H61: intransitive | I61: active | J61: positive | K61: 1 | L61: 1 | M61: SUB | N61: 1 | O61: zero_recoverable | P61: 3 | Q61: n/a | R61: n/a | S61: 0 | T61: 0 | U61: n/a | V61: subordinate | W61: 0 | X61: 0 | Y61: n/a | Z61: n/a | AA61: 0 | AB61: causal | AC61: te | AD61: =IF(V61<>"te","", IF(OR(AC61="",AC61<>"te"), "te_initial", "te_medial")) | AE61: ss | AF61: ds | AG61: topic-drop | AH61: contains_new | AK61: =L61/K61 -> 1 | AL61: =IF(OR(G61="LVC", G61="LVC (j)", G61="LVC (inf)"), "LVC","non-LVC") -> non-LVC | AM61: {=IF(OR(O61:O218="zero_recoverable", "zero_exalt", "zero_other", "zero_uncertain"), "Yes","No")} -> Yes | AN61: =1 + COUNTIF($V$2:V60,"main") -> 18 | AO61: =IF($A61="","",IF($AH61=$AH62,$V62,"")) -> te | AP61: =IF(OR($V61="relative",$V61="nominalised"),0,1) -> 1 | AQ61: =IF(AP62=0,"",COUNTIFS($AN$2:$AN62,$AN62,$AP$2:$AP62,1)) -> 3 | AR61: =IF(AQ61=1,1,0) -> 0 | AS61: zero_uncertain | AT61: zero_uncertain | AU61: =IF(AND($O61="overt",LEFT($AS61,5)="zero_"),1,0) -> 0 | AV61: =IF(AND($Q61="overt",LEFT($AT61,5)="zero_"),1,0) -> 0
A62: Heike 2.60 | B62: その国の器に言寄せて | C62: sono kuni no utsuwa ni kotoyosete) | D62: 言寄せて | E62: indicative | F62: communication | G62: verb | H62: ditransitive | I62: active | J62: positive | K62: 1 | L62: 1 | M62: IO | N62: 0 | O62: zero_uncertain | P62: 3 | Q62: zero_uncertain | R62: overt | S62: 0 | T62: 0 | U62: n/a | V62: te | W62: 0 | X62: 0 | Y62: n/a | Z62: n/a | AA62: 0 | AB62: sequential | AC62: subordinate | AD62: te_medial | AE62: ds | AF62: ss | AG62: topic-drop | AH62: contains_new | AK62: =L62/K62 -> 1 | AL62: =IF(OR(G62="LVC", G62="LVC (j)", G62="LVC (inf)"), "LVC","non-LVC") -> non-LVC | AM62: {=IF(OR(O62:O219="zero_recoverable", "zero_exalt", "zero_other", "zero_uncertain"), "Yes","No")} -> Yes | AN62: =1 + COUNTIF($V$2:V61,"main") -> 18 | AO62: =IF($A62="","",IF($AH62=$AH63,$V63,"")) -> main | AP62: =IF(OR($V62="relative",$V62="nominalised"),0,1) -> 1 | AQ62: =IF(AP63=0,"",COUNTIFS($AN$2:$AN63,$AN63,$AP$2:$AP63,1)) -> 4 | AR62: =IF(AQ62=1,1,0) -> 0 | AS62: zero_recoverable | AT62: n/a | AU62: =IF(AND($O62="overt",LEFT($AS62,5)="zero_"),1,0) -> 0 | AV62: =IF(AND($Q62="overt",LEFT($AT62,5)="zero_"),1,0) -> 0
A63: Heike 2.61 | B63: 伊勢平氏とぞ囃されける (Ise Heishi to zo hayasarekeru) | C63: so they mocked him as 'Ise Heishi' | D63: 囃されける | E63: indicative | F63: action | G63: verb | H63: intransitive | I63: passive | J63: positive | K63: 1 | L63: 1 | M63: O (Speech) | N63: 0 | O63: zero_recoverable | P63: 3 | Q63: n/a | R63: overt | S63: 0 | T63: 0 | U63: kakari-musubi | V63: main | W63: 0 | X63: 0 | Y63: n/a | Z63: n/a | AA63: 0 | AB63: none | AC63: te | AD63: =IF(V63<>"te","", IF(OR(AC63="",AC63<>"te"), "te_initial", "te_medial")) | AE63: ss | AF63: ds | AG63: topic-drop | AH63: contains_new | AK63: =L63/K63 -> 1 | AL63: =IF(OR(G63="LVC", G63="LVC (j)", G63="LVC (inf)"), "LVC","non-LVC") -> non-LVC | AM63: {=IF(OR(O63:O220="zero_recoverable", "zero_exalt", "zero_other", "zero_uncertain"), "Yes","No")} -> Yes | AN63: =1 + COUNTIF($V$2:V62,"main") -> 18 | AO63: =IF($A63="","",IF($AH63=$AH64,$V64,"")) -> subordinate | AP63: =IF(OR($V63="relative",$V63="nominalised"),0,1) -> 1 | AQ63: =IF(AP64=0,"",COUNTIFS($AN$2:$AN64,$AN64,$AP$2:$AP64,1)) -> 1 | AR63: 0 | AS63: overt | AT63: n/a | AU63: =IF(AND($O63="overt",LEFT($AS63,5)="zero_"),1,0) -> 0 | AV63: =IF(AND($Q63="overt",LEFT($AT63,5)="zero_"),1,0) -> 0
A64: Heike 2.62 | B64: その上忠盛目の眇まれたりける故にこそ (sono ue Tadamori me no sugamaretari keru yue ni koso) | C64: moreover, because Tadamori's eyes were squinted, | D64: 眇まれたりける | E64: indicative | F64: action | G64: verb | H64: intransitive | I64: active | J64: positive | K64: 1 | L64: 1 | M64: SUB | N64: 1 | O64: overt | P64: 3 | Q64: n/a | R64: n/a | S64: 0 | T64: 1 | U64: REL | V64: subordinate | W64: 0 | X64: 0 | Y64: n/a | Z64: n/a | AA64: 0 | AB64: causal | AC64: main | AD64: =IF(V64<>"te","", IF(OR(AC64="",AC64<>"te"), "te_initial", "te_medial")) | AE64: ds | AF64: ss | AG64: topic-continued | AH64: contains_new | AK64: =L64/K64 -> 1 | AL64: =IF(OR(G64="LVC", G64="LVC (j)", G64="LVC (inf)"), "LVC","non-LVC") -> non-LVC | AM64: {=IF(OR(O64:O221="zero_recoverable", "zero_exalt", "zero_other", "zero_uncertain"), "Yes","No")} -> Yes | AN64: =1 + COUNTIF($V$2:V63,"main") -> 19 | AO64: =IF($A64="","",IF($AH64=$AH65,$V65,"")) | AP64: =IF(OR($V64="relative",$V64="nominalised"),0,1) -> 1 | AQ64: =IF(AP65=0,"",COUNTIFS($AN$2:$AN65,$AN65,$AP$2:$AP65,1)) -> 2 | AR64: 1 | AS64: zero_recoverable | AT64: n/a | AU64: =IF(AND($O64="overt",LEFT($AS64,5)="zero_"),1,0) -> 1 | AV64: =IF(AND($Q64="overt",LEFT($AT64,5)="zero_"),1,0) -> 0
A65: Heike 2.63 | B65: かやうには囃されけるなれ (kayō ni wa hayasarekeru nare) | C65: he was mocked in such a way | D65: 囃されけるなれ | E65: indicative | F65: other | G65: verb | H65: intransitive | I65: passive | J65: positive | K65: 1 | L65: 0 | M65: n/a | N65: 0 | O65: zero_recoverable | P65: 3 | Q65: n/a | R65: n/a | S65: 0 | T65: 0 | U65: kakari-musubi | V65: main | W65: 0 | X65: 0 | Y65: n/a | Z65: n/a | AA65: 0 | AB65: none | AC65: subordinate | AD65: =IF(V65<>"te","", IF(OR(AC65="",AC65<>"te"), "te_initial", "te_medial")) | AE65: ss | AF65: ss | AG65: topic-drop | AH65: no_overt_NP | AK65: =L65/K65 -> 0 | AL65: =IF(OR(G65="LVC", G65="LVC (j)", G65="LVC (inf)"), "LVC","non-LVC") -> non-LVC | AM65: {=IF(OR(O65:O222="zero_recoverable", "zero_exalt", "zero_other", "zero_uncertain"), "Yes","No")} -> Yes | AN65: =1 + COUNTIF($V$2:V64,"main") -> 19 | AO65: =IF($A65="","",IF($AH65=$AH66,$V66,"")) | AP65: =IF(OR($V65="relative",$V65="nominalised"),0,1) -> 1 | AQ65: =IF(AP66=0,"",COUNTIFS($AN$2:$AN66,$AN66,$AP$2:$AP66,1)) -> 1 | AR65: 0 | AS65: overt | AT65: overt | AU65: =IF(AND($O65="overt",LEFT($AS65,5)="zero_"),1,0) -> 0 | AV65: =IF(AND($Q65="overt",LEFT($AT65,5)="zero_"),1,0) -> 0
A66: Heike 2.64 | B66: 忠盛何とすべきやうもなくして (Tadamori nan to subeki yō mo nakushite) | C66: Tadamori, having no way of dealing with the situation, | D66: なくして | E66: indicative | F66: other | G66: verb | H66: transitive | I66: active | J66: negative | K66: 1 | L66: 2 | M66: S+O | N66: 0 | O66: overt | P66: 3 | Q66: overt | R66: n/a | S66: 0 | T66: 0 | U66: n/a | V66: te | W66: 0 | X66: 0 | Y66: n/a | Z66: n/a | AA66: 0 | AB66: sequential | AC66: main | AD66: =IF(V66<>"te","", IF(OR(AC66="",AC66<>"te"), "te_initial", "te_medial")) -> te_initial | AE66: ss | AF66: ds | AG66: topic-continued | AH66: contains_new | AK66: =L66/K66 -> 2 | AL66: =IF(OR(G66="LVC", G66="LVC (j)", G66="LVC (inf)"), "LVC","non-LVC") -> non-LVC | AM66: {=IF(OR(O66:O223="zero_recoverable", "zero_exalt", "zero_other", "zero_uncertain"), "Yes","No")} -> Yes | AN66: =1 + COUNTIF($V$2:V65,"main") -> 20 | AO66: =IF($A66="","",IF($AH66=$AH67,$V67,"")) -> subordinate | AP66: =IF(OR($V66="relative",$V66="nominalised"),0,1) -> 1 | AQ66: =IF(AP67=0,"",COUNTIFS($AN$2:$AN67,$AN67,$AP$2:$AP67,1)) -> 2 | AR66: 1 | AS66: overt | AT66: n/a | AU66: =IF(AND($O66="overt",LEFT($AS66,5)="zero_"),1,0) -> 0 | AV66: =IF(AND($Q66="overt",LEFT($AT66,5)="zero_"),1,0) -> 0
A67: Heike 2.65 | B67: 御遊も未だ終らざる前に (gyoyū mo mada owarazaru mae ni) | C67: before the entertainment had ended, | D67: 終らざる | E67: indicative | F67: other | G67: verb | H67: intransitive | I67: active | J67: negative | K67: 1 | L67: 1 | M67: SUB | N67: 1 | O67: overt | P67: 3 | Q67: n/a | R67: n/a | S67: 0 | T67: 1 | U67: REL | V67: subordinate | W67: 0 | X67: 0 | Y67: n/a | Z67: n/a | AA67: 0 | AB67: temporal | AC67: te | AD67: =IF(V67<>"te","", IF(OR(AC67="",AC67<>"te"), "te_initial", "te_medial")) | AE67: ds | AF67: ds | AG67: topic-drop | AH67: contains_new | AK67: =L67/K67 -> 1 | AL67: =IF(OR(G67="LVC", G67="LVC (j)", G67="LVC (inf)"), "LVC","non-LVC") -> non-LVC | AM67: {=IF(OR(O67:O224="zero_recoverable", "zero_exalt", "zero_other", "zero_uncertain"), "Yes","No")} -> Yes | AN67: =1 + COUNTIF($V$2:V66,"main") -> 20 | AO67: =IF($A67="","",IF($AH67=$AH68,$V68,"")) | AP67: =IF(OR($V67="relative",$V67="nominalised"),0,1) -> 1 | AQ67: =IF(AP68=0,"",COUNTIFS($AN$2:$AN68,$AN68,$AP$2:$AP68,1)) -> 3 | AR67: =IF(AQ67=1,1,0) -> 0 | AS67: zero_exalt | AT67: n/a | AU67: =IF(AND($O67="overt",LEFT($AS67,5)="zero_"),1,0) -> 1 | AV67: =IF(AND($Q67="overt",LEFT($AT67,5)="zero_"),1,0) -> 0
A68: Heike 2.66 | B68: 密かに罷り出でらるとて (hisokani makari ideraru tote) | C68: he secretly left the Presence, | D68: 罷り出でらる | E68: indicative | F68: motion | G68: verb | H68: intransitive | I68: active | J68: positive | K68: 1 | L68: 0 | M68: n/a | N68: 1 | O68: zero_exalt | P68: 3 | Q68: n/a | R68: n/a | S68: 0 | T68: 0 | U68: REL | V68: subordinate | W68: 0 | X68: 1 | Y68: sub | Z68: honorific_aux+lexical_honorific_verb | AA68: 0 | AB68: temporal | AC68: subordinate | AD68: =IF(V68<>"te","", IF(OR(AC68="",AC68<>"te"), "te_initial", "te_medial")) | AE68: ds | AF68: ss | AG68: topic-drop | AH68: no_overt_NP | AK68: =L68/K68 -> 0 | AL68: =IF(OR(G68="LVC", G68="LVC (j)", G68="LVC (inf)"), "LVC","non-LVC") -> non-LVC | AM68: {=IF(OR(O68:O225="zero_recoverable", "zero_exalt", "zero_other", "zero_uncertain"), "Yes","No")} -> Yes | AN68: =1 + COUNTIF($V$2:V67,"main") -> 20 | AO68: =IF($A68="","",IF($AH68=$AH69,$V69,"")) -> te | AP68: =IF(OR($V68="relative",$V68="nominalised"),0,1) -> 1 | AQ68: =IF(AP69=0,"",COUNTIFS($AN$2:$AN69,$AN69,$AP$2:$AP69,1)) -> 4 | AR68: =IF(AQ68=1,1,0) -> 0 | AS68: zero_recoverable | AT68: n/a | AU68: =IF(AND($O68="overt",LEFT($AS68,5)="zero_"),1,0) -> 0 | AV68: =IF(AND($Q68="overt",LEFT($AT68,5)="zero_"),1,0) -> 0
A69: Heike 2.67 | B69: 紫宸殿の御後にして (Shishinden no o-ato ni shite) | C69: and going behind the Shishinden, | D69: 後にして | E69: indicative | F69: other | G69: LVC (j) | H69: intransitive | I69: active | J69: positive | K69: 1 | L69: 0 | M69: n/a | N69: 1 | O69: zero_recoverable | P69: 3 | Q69: n/a | R69: n/a | S69: 0 | T69: 0 | U69: n/a | V69: te | W69: 0 | X69: 0 | Y69: n/a | Z69: n/a | AA69: 0 | AB69: sequential | AC69: subordinate | AD69: te_medial | AE69: ss | AF69: ds | AG69: topic-drop | AH69: no_overt_NP | AK69: =L69/K69 -> 0 | AL69: =IF(OR(G69="LVC", G69="LVC (j)", G69="LVC (inf)"), "LVC","non-LVC") -> LVC | AM69: {=IF(OR(O69:O226="zero_recoverable", "zero_exalt", "zero_other", "zero_uncertain"), "Yes","No")} -> Yes | AN69: =1 + COUNTIF($V$2:V68,"main") -> 20 | AO69: =IF($A69="","",IF($AH69=$AH70,$V70,"")) | AP69: =IF(OR($V69="relative",$V69="nominalised"),0,1) -> 1 | AQ69: =IF(AP70=0,"",COUNTIFS($AN$2:$AN70,$AN70,$AP$2:$AP70,1)) | AR69: =IF(AQ69=1,1,0) -> 0 | AS69: overt | AT69: zero_recoverable | AU69: =IF(AND($O69="overt",LEFT($AS69,5)="zero_"),1,0) -> 0 | AV69: =IF(AND($Q69="overt",LEFT($AT69,5)="zero_"),1,0) -> 0
A70: Heike 2.68 | B70: かたへの殿上人の見られける (kata e no tenjōbito no mirarekeru) | C70: the court nobles could see him, | D70: 見られける | E70: indicative | F70: action | G70: verb | H70: transitive | I70: active | J70: positive | K70: 1 | L70: 1 | M70: SUB | N70: 0 | O70: overt | P70: 3 | Q70: zero_recoverable | R70: n/a | S70: 0 | T70: 1 | U70: REL | V70: relative | W70: 1 | X70: 0 | Y70: sub | Z70: honorific_aux | AA70: 0 | AB70: none | AC70: te | AD70: =IF(V70<>"te","", IF(OR(AC70="",AC70<>"te"), "te_initial", "te_medial")) | AE70: ds | AF70: ss | AG70: topic-introduced | AH70: contains_new | AK70: =L70/K70 -> 1 | AL70: =IF(OR(G70="LVC", G70="LVC (j)", G70="LVC (inf)"), "LVC","non-LVC") -> non-LVC | AM70: {=IF(OR(O70:O227="zero_recoverable", "zero_exalt", "zero_other", "zero_uncertain"), "Yes","No")} -> Yes | AN70: =1 + COUNTIF($V$2:V69,"main") -> 20 | AO70: =IF($A70="","",IF($AH70=$AH71,$V71,"")) -> te | AP70: =IF(OR($V70="relative",$V70="nominalised"),0,1) -> 0 | AQ70: =IF(AP71=0,"",COUNTIFS($AN$2:$AN71,$AN71,$AP$2:$AP71,1)) -> 5 | AR70: =IF(AQ70=1,1,0) -> 0 | AS70: zero_exalt | AT70: overt | AU70: =IF(AND($O70="overt",LEFT($AS70,5)="zero_"),1,0) -> 1 | AV70: =IF(AND($Q70="overt",LEFT($AT70,5)="zero_"),1,0) -> 0
A71: Heike 2.69 | B71: 所にて主殿司を召して (tokoro nite tonomotsukasa o meshite azukeokite zo iderarekeru) | C71: in a place where… he summoned the Tonomotsukasa, | D71: 召して | E71: indicative | F71: action | G71: verb | H71: transitive | I71: active | J71: positive | K71: 1 | L71: 1 | M71: OBJ | N71: 1 | O71: zero_exalt | P71: 3 | Q71: overt | R71: n/a | S71: 0 | T71: 0 | U71: n/a | V71: te | W71: 0 | X71: 1 | Y71: sub | Z71: lexical_honorific_verb | AA71: 0 | AB71: sequential | AC71: relative | AD71: te_medial | AE71: ss | AF71: ss | AG71: topic-drop | AH71: contains_new | AK71: =L71/K71 -> 1 | AL71: =IF(OR(G71="LVC", G71="LVC (j)", G71="LVC (inf)"), "LVC","non-LVC") -> non-LVC | AM71: {=IF(OR(O71:O228="zero_recoverable", "zero_exalt", "zero_other", "zero_uncertain"), "Yes","No")} -> Yes | AN71: =1 + COUNTIF($V$2:V70,"main") -> 20 | AO71: =IF($A71="","",IF($AH71=$AH72,$V72,"")) | AP71: =IF(OR($V71="relative",$V71="nominalised"),0,1) -> 1 | AQ71: =IF(AP72=0,"",COUNTIFS($AN$2:$AN72,$AN72,$AP$2:$AP72,1)) -> 6 | AR71: =IF(AQ71=1,1,0) -> 0 | AS71: zero_recoverable | AT71: zero_recoverable | AU71: =IF(AND($O71="overt",LEFT($AS71,5)="zero_"),1,0) -> 0 | AV71: =IF(AND($Q71="overt",LEFT($AT71,5)="zero_"),1,0) -> 1
A72: Heike 2.70 | B72: 預け置きてぞ | C72: entrusted [his sword] | D72: 預け置きて | E72: indicative | F72: other | G72: verb | H72: transitive | I72: active | J72: positive | K72: 1 | L72: 0 | M72: n/a | N72: 0 | O72: zero_recoverable | P72: 3 | Q72: zero_recoverable | R72: n/a | S72: 0 | T72: 0 | U72: n/a | V72: te | W72: 0 | X72: 0 | Y72: n/a | Z72: n/a | AA72: 0 | AB72: none | AC72: te | AD72: =IF(V72<>"te","", IF(OR(AC72="",AC72<>"te"), "te_initial", "te_medial")) -> te_medial | AE72: ss | AF72: ss | AG72: topic-drop | AH72: no_overt_NP | AK72: =L72/K72 -> 0 | AL72: =IF(OR(G72="LVC", G72="LVC (j)", G72="LVC (inf)"), "LVC","non-LVC") -> non-LVC | AM72: {=IF(OR(O72:O229="zero_recoverable", "zero_exalt", "zero_other", "zero_uncertain"), "Yes","No")} -> Yes | AN72: =1 + COUNTIF($V$2:V71,"main") -> 20 | AO72: =IF($A72="","",IF($AH72=$AH73,$V73,"")) -> main | AP72: =IF(OR($V72="relative",$V72="nominalised"),0,1) -> 1 | AQ72: =IF(AP73=0,"",COUNTIFS($AN$2:$AN73,$AN73,$AP$2:$AP73,1)) -> 7 | AR72: =IF(AQ72=1,1,0) -> 0 | AS72: zero_exalt | AT72: n/a | AU72: =IF(AND($O72="overt",LEFT($AS72,5)="zero_"),1,0) -> 0 | AV72: =IF(AND($Q72="overt",LEFT($AT72,5)="zero_"),1,0) -> 0
A73: Heike 2.71 | B73: 出でられける | C73: and left, | D73: 出でられける | E73: indicative | F73: motion | G73: verb | H73: intransitive | I73: active | J73: positive | K73: 1 | L73: 0 | M73: n/a | N73: 0 | O73: zero_exalt | P73: 3 | Q73: n/a | R73: n/a | S73: 0 | T73: 0 | U73: n/a | V73: main | W73: 0 | X73: 1 | Y73: sub | Z73: honorific_aux | AA73: 0 | AB73: none | AC73: te | AD73: =IF(V73<>"te","", IF(OR(AC73="",AC73<>"te"), "te_initial", "te_medial")) | AE73: ss | AF73: ds | AG73: topic-drop | AH73: no_overt_NP | AK73: =L73/K73 -> 0 | AL73: =IF(OR(G73="LVC", G73="LVC (j)", G73="LVC (inf)"), "LVC","non-LVC") -> non-LVC | AM73: {=IF(OR(O73:O230="zero_recoverable", "zero_exalt", "zero_other", "zero_uncertain"), "Yes","No")} -> Yes | AN73: =1 + COUNTIF($V$2:V72,"main") -> 20 | AO73: =IF($A73="","",IF($AH73=$AH74,$V74,"")) | AP73: =IF(OR($V73="relative",$V73="nominalised"),0,1) -> 1 | AQ73: =IF(AP74=0,"",COUNTIFS($AN$2:$AN74,$AN74,$AP$2:$AP74,1)) -> 1 | AR73: 0 | AS73: overt | AT73: zero_recoverable | AU73: =IF(AND($O73="overt",LEFT($AS73,5)="zero_"),1,0) -> 0 | AV73: =IF(AND($Q73="overt",LEFT($AT73,5)="zero_"),1,0) -> 0
A74: Heike 2.72 | B74: 家貞待ち受け奉りて (Iesada machi-uke tatemawari-te) | C74: Iesada, who was waiting for his lord, | D74: 待ち受け奉りて | E74: indicative | F74: action | G74: verb(complex) | H74: transitive | I74: active | J74: positive | K74: 1 | L74: 1 | M74: SUB | N74: 0 | O74: overt | P74: 3 | Q74: zero_recoverable | R74: n/a | S74: 0 | T74: 0 | U74: n/a | V74: te | W74: 1 | X74: 0 | Y74: sub | Z74: lexical_humble_verb | AA74: 0 | AB74: sequential | AC74: main | AD74: =IF(V74<>"te","", IF(OR(AC74="",AC74<>"te"), "te_initial", "te_medial")) -> te_initial | AE74: ds | AF74: ss | AG74: topic-shift | AH74: contains_new | AK74: =L74/K74 -> 1 | AL74: =IF(OR(G74="LVC", G74="LVC (j)", G74="LVC (inf)"), "LVC","non-LVC") -> non-LVC | AM74: {=IF(OR(O74:O231="zero_recoverable", "zero_exalt", "zero_other", "zero_uncertain"), "Yes","No")} -> Yes | AN74: =1 + COUNTIF($V$2:V73,"main") -> 21 | AO74: =IF($A74="","",IF($AH74=$AH75,$V75,"")) | AP74: =IF(OR($V74="relative",$V74="nominalised"),0,1) -> 1 | AQ74: =IF(AP75=0,"",COUNTIFS($AN$2:$AN75,$AN75,$AP$2:$AP75,1)) -> 2 | AR74: 1 | AS74: zero_other | AT74: n/a | AU74: =IF(AND($O74="overt",LEFT($AS74,5)="zero_"),1,0) -> 1 | AV74: =IF(AND($Q74="overt",LEFT($AT74,5)="zero_"),1,0) -> 0
A75: Heike 2.73 | B75: さていかが候ひつると (sate ikaga soroitsuru to) | C75: "What has happened?" he asked. | D75: 候ひつる | E75: indicative | F75: other | G75: verb | H75: intransitive | I75: active | J75: positive | K75: 1 | L75: 0 | M75: n/a | N75: 1 | O75: zero_other | P75: 3 | Q75: n/a | R75: n/a | S75: 0 | T75: 0 | U75: REL | V75: complement | W75: 0 | X75: 0 | Y75: n/a | Z75: polite_aux | AA75: 0 | AB75: quotative | AC75: te | AD75: =IF(V75<>"te","", IF(OR(AC75="",AC75<>"te"), "te_initial", "te_medial")) | AE75: ss | AF75: ss | AG75: topic-drop | AH75: no_overt_NP | AK75: =L75/K75 -> 0 | AL75: =IF(OR(G75="LVC", G75="LVC (j)", G75="LVC (inf)"), "LVC","non-LVC") -> non-LVC | AM75: {=IF(OR(O75:O232="zero_recoverable", "zero_exalt", "zero_other", "zero_uncertain"), "Yes","No")} -> Yes | AN75: =1 + COUNTIF($V$2:V74,"main") -> 21 | AO75: =IF($A75="","",IF($AH75=$AH76,$V76,"")) | AP75: =IF(OR($V75="relative",$V75="nominalised"),0,1) -> 1 | AQ75: =IF(AP76=0,"",COUNTIFS($AN$2:$AN76,$AN76,$AP$2:$AP76,1)) -> 3 | AR75: =IF(AQ75=1,1,0) -> 0 | AS75: zero_exalt | AT75: overt | AU75: =IF(AND($O75="overt",LEFT($AS75,5)="zero_"),1,0) -> 0 | AV75: =IF(AND($Q75="overt",LEFT($AT75,5)="zero_"),1,0) -> 0
A76: Heike 2.74 | B76: 申されければ (mōsarekeru ba) | C76: he was asked, | D76: 申されける | E76: indicative | F76: action | G76: verb | H76: intransitive | I76: passive | J76: positive | K76: 1 | L76: 1 | M76: O (Speech) | N76: 0 | O76: zero_exalt | P76: 3 | Q76: overt | R76: n/a | S76: 0 | T76: 0 | U76: n/a | V76: main | W76: 0 | X76: 1 | Y76: sub | Z76: honorific_aux+lexical_humble_verb | AA76: 0 | AB76: temporal | AC76: complement | AD76: =IF(V76<>"te","", IF(OR(AC76="",AC76<>"te"), "te_initial", "te_medial")) | AE76: ss | AF76: ss | AG76: topic-drop | AH76: contains_new | AK76: =L76/K76 -> 1 | AL76: =IF(OR(G76="LVC", G76="LVC (j)", G76="LVC (inf)"), "LVC","non-LVC") -> non-LVC | AM76: {=IF(OR(O76:O233="zero_recoverable", "zero_exalt", "zero_other", "zero_uncertain"), "Yes","No")} -> Yes | AN76: =1 + COUNTIF($V$2:V75,"main") -> 21 | AO76: =IF($A76="","",IF($AH76=$AH77,$V77,"")) | AP76: =IF(OR($V76="relative",$V76="nominalised"),0,1) -> 1 | AQ76: =IF(AP77=0,"",COUNTIFS($AN$2:$AN77,$AN77,$AP$2:$AP77,1)) -> 1 | AR76: 0 | AS76: zero_other | AT76: not_applicable | AU76: =IF(AND($O76="overt",LEFT($AS76,5)="zero_"),1,0) -> 0 | AV76: =IF(AND($Q76="overt",LEFT($AT76,5)="zero_"),1,0) -> 0
A77: Heike 2.75 | B77: かくとも云はまほしう | C77: to tell him | D77: 云はまほしう | E77: desiderative | F77: other | G77: verb | H77: intransitive | I77: active | J77: positive | K77: 1 | L77: 0 | M77: n/a | N77: 1 | O77: zero_other | P77: 3 | Q77: n/a | R77: n/a | S77: 0 | T77: 0 | U77: n/a | V77: main | W77: 0 | X77: 0 | Y77: n/a | Z77: n/a | AA77: 0 | AB77: none | AC77: main | AD77: =IF(V77<>"te","", IF(OR(AC77="",AC77<>"te"), "te_initial", "te_medial")) | AE77: ss | AF77: ss | AG77: topic-drop | AH77: no_overt_NP | AK77: =L77/K77 -> 0 | AL77: =IF(OR(G77="LVC", G77="LVC (j)", G77="LVC (inf)"), "LVC","non-LVC") -> non-LVC | AM77: {=IF(OR(O77:O234="zero_recoverable", "zero_exalt", "zero_other", "zero_uncertain"), "Yes","No")} -> Yes | AN77: =1 + COUNTIF($V$2:V76,"main") -> 22 | AO77: =IF($A77="","",IF($AH77=$AH78,$V78,"")) | AP77: =IF(OR($V77="relative",$V77="nominalised"),0,1) -> 1 | AQ77: =IF(AP78=0,"",COUNTIFS($AN$2:$AN78,$AN78,$AP$2:$AP78,1)) -> 1 | AR77: 0 | AS77: zero_other | AT77: overt | AU77: =IF(AND($O77="overt",LEFT($AS77,5)="zero_"),1,0) -> 0 | AV77: =IF(AND($Q77="overt",LEFT($AT77,5)="zero_"),1,0) -> 0
A78: Heike 2.76 | B78: 思はれけれども (kakutomo iwamahoshū omowarekeredomo) | C78: although he greatly wished, | D78: 思はれけれども | E78: indicative | F78: psych-state | G78: verb | H78: transitive | I78: active | J78: positive | K78: 1 | L78: 1 | M78: O (Speech) | N78: 1 | O78: zero_other | P78: 3 | Q78: overt | R78: n/a | S78: 0 | T78: 0 | U78: n/a | V78: main | W78: 0 | X78: 0 | Y78: n/a | Z78: n/a | AA78: 0 | AB78: concessive | AC78: main | AD78: =IF(V78<>"te","", IF(OR(AC78="",AC78<>"te"), "te_initial", "te_medial")) | AE78: ss | AF78: ss | AG78: topic-drop | AH78: contains_new | AI78: Psych predicate; かくとも as adjunct. | AK78: =L78/K78 -> 1 | AL78: =IF(OR(G78="LVC", G78="LVC (j)", G78="LVC (inf)"), "LVC","non-LVC") -> non-LVC | AM78: {=IF(OR(O78:O235="zero_recoverable", "zero_exalt", "zero_other", "zero_uncertain"), "Yes","No")} -> Yes | AN78: =1 + COUNTIF($V$2:V77,"main") -> 23 | AO78: =IF($A78="","",IF($AH78=$AH79,$V79,"")) | AP78: =IF(OR($V78="relative",$V78="nominalised"),0,1) -> 1 | AQ78: =IF(AP79=0,"",COUNTIFS($AN$2:$AN79,$AN79,$AP$2:$AP79,1)) -> 1 | AR78: 0 | AS78: zero_other | AT78: zero_recoverable | AU78: =IF(AND($O78="overt",LEFT($AS78,5)="zero_"),1,0) -> 0 | AV78: =IF(AND($Q78="overt",LEFT($AT78,5)="zero_"),1,0) -> 1
A79: Heike 2.77 | B79: 云ひつるほどならば (iitsuru hodo naraba) | C79: seeing that, if he told him, | D79: 云ひつる | E79: indicative | F79: other | G79: verb | H79: transitive | I79: active | J79: positive | K79: 1 | L79: 0 | M79: n/a | N79: 0 | O79: zero_other | P79: 3 | Q79: zero_recoverable | R79: n/a | S79: 0 | T79: 1 | U79: REL | V79: subordinate | W79: 0 | X79: 0 | Y79: n/a | Z79: n/a | AA79: 0 | AB79: conditional | AC79: main | AD79: =IF(V79<>"te","", IF(OR(AC79="",AC79<>"te"), "te_initial", "te_medial")) | AE79: ss | AF79: ds | AG79: topic-drop | AH79: no_overt_NP | AK79: =L79/K79 -> 0 | AL79: =IF(OR(G79="LVC", G79="LVC (j)", G79="LVC (inf)"), "LVC","non-LVC") -> non-LVC | AM79: {=IF(OR(O79:O236="zero_recoverable", "zero_exalt", "zero_other", "zero_uncertain"), "Yes","No")} -> Yes | AN79: =1 + COUNTIF($V$2:V78,"main") -> 24 | AO79: =IF($A79="","",IF($AH79=$AH80,$V80,"")) -> relative | AP79: =IF(OR($V79="relative",$V79="nominalised"),0,1) -> 1 | AQ79: =IF(AP80=0,"",COUNTIFS($AN$2:$AN80,$AN80,$AP$2:$AP80,1)) | AR79: 0 | AS79: zero_recoverable | AT79: n/a | AU79: =IF(AND($O79="overt",LEFT($AS79,5)="zero_"),1,0) -> 0 | AV79: =IF(AND($Q79="overt",LEFT($AT79,5)="zero_"),1,0) -> 0
A80: Heike 2.78 | B80: やがて殿上までも斬り上らんずる yagate tenjō made mo kiriagaranzuru | C80: who would even do violence in the Palace itself, | D80: 斬り上らんずる | E80: dynamic | F80: other | G80: verb | H80: intransitive | I80: active | J80: positive | K80: 1 | L80: 0 | M80: n/a | N80: 2 | O80: zero_recoverable | P80: 3 | Q80: n/a | R80: n/a | S80: 1 | T80: 0 | U80: REL | V80: relative | W80: 0 | X80: 0 | Y80: n/a | Z80: n/a | AA80: 0 | AB80: none | AC80: subordinate | AD80: =IF(V80<>"te","", IF(OR(AC80="",AC80<>"te"), "te_initial", "te_medial")) | AE80: ds | AF80: ss | AG80: topic-drop | AH80: no_overt_NP | AK80: =L80/K80 -> 0 | AL80: =IF(OR(G80="LVC", G80="LVC (j)", G80="LVC (inf)"), "LVC","non-LVC") -> non-LVC | AM80: {=IF(OR(O80:O237="zero_recoverable", "zero_exalt", "zero_other", "zero_uncertain"), "Yes","No")} -> Yes | AN80: =1 + COUNTIF($V$2:V79,"main") -> 24 | AO80: =IF($A80="","",IF($AH80=$AH81,$V81,"")) -> subordinate | AP80: =IF(OR($V80="relative",$V80="nominalised"),0,1) -> 0 | AQ80: =IF(AP81=0,"",COUNTIFS($AN$2:$AN81,$AN81,$AP$2:$AP81,1)) -> 2 | AR80: =IF(AQ80=1,1,0) -> 0 | AS80: zero_recoverable | AT80: n/a | AU80: =IF(AND($O80="overt",LEFT($AS80,5)="zero_"),1,0) -> 0 | AV80: =IF(AND($Q80="overt",LEFT($AT80,5)="zero_"),1,0) -> 0
A81: Heike 2.79 | B81: 者の面魂にてある間 mono no omodamashii nite aru aida | C81: he appeared as one | D81: にてある | E81: indicative | F81: other | G81: copula | H81: intransitive | I81: active | J81: positive | K81: 1 | L81: 0 | M81: n/a | N81: 0 | O81: zero_recoverable | P81: 3 | Q81: n/a | R81: n/a | S81: 0 | T81: 0 | U81: REL | V81: subordinate | W81: 0 | X81: 0 | Y81: n/a | Z81: n/a | AA81: 0 | AB81: temporal | AC81: relative | AD81: =IF(V81<>"te","", IF(OR(AC81="",AC81<>"te"), "te_initial", "te_medial")) | AE81: ss | AF81: ds | AG81: topic-drop | AH81: no_overt_NP | AK81: =L81/K81 -> 0 | AL81: =IF(OR(G81="LVC", G81="LVC (j)", G81="LVC (inf)"), "LVC","non-LVC") -> non-LVC | AM81: {=IF(OR(O81:O238="zero_recoverable", "zero_exalt", "zero_other", "zero_uncertain"), "Yes","No")} -> Yes | AN81: =1 + COUNTIF($V$2:V80,"main") -> 24 | AO81: =IF($A81="","",IF($AH81=$AH82,$V82,"")) | AP81: =IF(OR($V81="relative",$V81="nominalised"),0,1) -> 1 | AQ81: =IF(AP82=0,"",COUNTIFS($AN$2:$AN82,$AN82,$AP$2:$AP82,1)) -> 3 | AR81: =IF(AQ81=1,1,0) -> 0 | AS81: overt | AT81: n/a | AU81: =IF(AND($O81="overt",LEFT($AS81,5)="zero_"),1,0) -> 0 | AV81: =IF(AND($Q81="overt",LEFT($AT81,5)="zero_"),1,0) -> 0
A82: Heike 2.80 | B82: 別の事なし (betsu no koto nashi) | C82: nothing out of the ordinary had taken place. | D82: なし | E82: indicative | F82: other | G82: existential verb | H82: intransitive | I82: active | J82: negative | K82: 1 | L82: 1 | M82: SUB | N82: 0 | O82: overt | P82: 3 | Q82: n/a | R82: n/a | S82: 0 | T82: 0 | U82: n/a | V82: main | W82: 0 | X82: 0 | Y82: n/a | Z82: n/a | AA82: 0 | AB82: none | AC82: subordinate | AD82: =IF(V82<>"te","", IF(OR(AC82="",AC82<>"te"), "te_initial", "te_medial")) | AE82: ds | AF82: ds | AG82: topic-drop | AH82: contains_new | AI82: Subject = 別の事. | AK82: =L82/K82 -> 1 | AL82: =IF(OR(G82="LVC", G82="LVC (j)", G82="LVC (inf)"), "LVC","non-LVC") -> non-LVC | AM82: {=IF(OR(O82:O239="zero_recoverable", "zero_exalt", "zero_other", "zero_uncertain"), "Yes","No")} -> Yes | AN82: =1 + COUNTIF($V$2:V81,"main") -> 24 | AO82: =IF($A82="","",IF($AH82=$AH83,$V83,"")) -> subordinate | AP82: =IF(OR($V82="relative",$V82="nominalised"),0,1) -> 1 | AQ82: =IF(AP83=0,"",COUNTIFS($AN$2:$AN83,$AN83,$AP$2:$AP83,1)) -> 1 | AR82: 0 | AS82: zero_exalt | AT82: overt | AU82: =IF(AND($O82="overt",LEFT($AS82,5)="zero_"),1,0) -> 1 | AV82: =IF(AND($Q82="overt",LEFT($AT82,5)="zero_"),1,0) -> 0
A83: Heike 2.81 | B83: 五節には白薄様濃染紙の紙巻上の筆巴書いたる筆の軸など様々かやうに面白き事をのみこそ歌ひ舞はるるに (gosechi ni wa shirauzusama kozomegami no kamimaki ue no fude tomoe kaitaru fude no jiku nado samazama kayō ni omoshiroki koto o nomi koso utai mawaruru ni) | C83: In the Go-sechie festival only such pleasing things as white paper, Shuzenji paper, wrapped brushes, or writing brushes with a tomoe on the stem were customarily sung and danced, | D83: 歌ひ舞はるる | E83: indicative | F83: other | G83: verb(compound) | H83: transitive | I83: active | J83: positive | K83: 1 | L83: 1 | M83: OBJ | N83: 2 | O83: zero_exalt | P83: 3 | Q83: overt | R83: n/a | S83: 0 | T83: 0 | U83: REL | V83: subordinate | W83: 0 | X83: 1 | Y83: sub | Z83: honorific_aux | AA83: 0 | AB83: concessive | AC83: main | AD83: =IF(V83<>"te","", IF(OR(AC83="",AC83<>"te"), "te_initial", "te_medial")) | AE83: ds | AF83: ds | AG83: topic-shift | AH83: contains_new | AI83: Passive/respect; subject omitted; object 面白き事を overt. | AK83: =L83/K83 -> 1 | AL83: =IF(OR(G83="LVC", G83="LVC (j)", G83="LVC (inf)"), "LVC","non-LVC") -> non-LVC | AM83: {=IF(OR(O83:O240="zero_recoverable", "zero_exalt", "zero_other", "zero_uncertain"), "Yes","No")} -> Yes | AN83: =1 + COUNTIF($V$2:V82,"main") -> 25 | AO83: =IF($A83="","",IF($AH83=$AH84,$V84,"")) -> main | AP83: =IF(OR($V83="relative",$V83="nominalised"),0,1) -> 1 | AQ83: =IF(AP84=0,"",COUNTIFS($AN$2:$AN84,$AN84,$AP$2:$AP84,1)) -> 2 | AR83: 1 | AS83: overt | AT83: n/a | AU83: =IF(AND($O83="overt",LEFT($AS83,5)="zero_"),1,0) -> 0 | AV83: =IF(AND($Q83="overt",LEFT($AT83,5)="zero_"),1,0) -> 0
A84: Heike 2.82 | B84: 中比太宰権帥季仲卿といふ人ありけり (chūbi Dazai gon no so Sukechika kyō to iu hito arikeri) | C84: but there was a certain Dazai Gon-no-sotsu Suenaka no Kyo, | D84: ありけり | E84: indicative | F84: stative | G84: existential verb | H84: intransitive | I84: active | J84: positive | K84: 1 | L84: 1 | M84: SUB | N84: 1 | O84: overt | P84: 3 | Q84: n/a | R84: n/a | S84: 0 | T84: 0 | U84: n/a | V84: main | W84: 0 | X84: 0 | Y84: n/a | Z84: n/a | AA84: 0 | AB84: none | AC84: subordinate | AD84: =IF(V84<>"te","", IF(OR(AC84="",AC84<>"te"), "te_initial", "te_medial")) | AE84: ds | AF84: ds | AG84: topic-introduced | AH84: contains_new | AI84: frame predicate | AK84: =L84/K84 -> 1 | AL84: =IF(OR(G84="LVC", G84="LVC (j)", G84="LVC (inf)"), "LVC","non-LVC") -> non-LVC | AM84: {=IF(OR(O84:O241="zero_recoverable", "zero_exalt", "zero_other", "zero_uncertain"), "Yes","No")} -> Yes | AN84: =1 + COUNTIF($V$2:V83,"main") -> 25 | AO84: =IF($A84="","",IF($AH84=$AH85,$V85,"")) -> subordinate | AP84: =IF(OR($V84="relative",$V84="nominalised"),0,1) -> 1 | AQ84: =IF(AP85=0,"",COUNTIFS($AN$2:$AN85,$AN85,$AP$2:$AP85,1)) -> 1 | AR84: 0 | AS84: overt | AT84: n/a | AU84: =IF(AND($O84="overt",LEFT($AS84,5)="zero_"),1,0) -> 0 | AV84: =IF(AND($Q84="overt",LEFT($AT84,5)="zero_"),1,0) -> 0
A85: Heike 2.83 | B85: あまりに色の黒かりければ (amari ni iro no kurokarikereba) | C85: who was of so dark a complexion that | D85: 黒かりければ | E85: indicative | F85: other | G85: adjectival predicate | H85: intransitive | I85: active | J85: positive | K85: 1 | L85: 1 | M85: SUB | N85: 1 | O85: overt | P85: 3 | Q85: n/a | R85: n/a | S85: 0 | T85: 0 | U85: n/a | V85: subordinate | W85: 0 | X85: 0 | Y85: n/a | Z85: n/a | AA85: 0 | AB85: causal | AC85: main | AD85: =IF(V85<>"te","", IF(OR(AC85="",AC85<>"te"), "te_initial", "te_medial")) | AE85: ds | AF85: ds | AG85: topic-drop | AH85: contains_new | AI85: Adjectival predicate; subject = 色. | AK85: =L85/K85 -> 1 | AL85: =IF(OR(G85="LVC", G85="LVC (j)", G85="LVC (inf)"), "LVC","non-LVC") -> non-LVC | AM85: {=IF(OR(O85:O242="zero_recoverable", "zero_exalt", "zero_other", "zero_uncertain"), "Yes","No")} -> Yes | AN85: =1 + COUNTIF($V$2:V84,"main") -> 26 | AO85: =IF($A85="","",IF($AH85=$AH86,$V86,"")) -> main | AP85: =IF(OR($V85="relative",$V85="nominalised"),0,1) -> 1 | AQ85: =IF(AP86=0,"",COUNTIFS($AN$2:$AN86,$AN86,$AP$2:$AP86,1)) -> 2 | AR85: =IF(AQ85=1,1,0) -> 0 | AS85: overt | AT85: overt | AU85: =IF(AND($O85="overt",LEFT($AS85,5)="zero_"),1,0) -> 0 | AV85: =IF(AND($Q85="overt",LEFT($AT85,5)="zero_"),1,0) -> 0
A86: Heike 2.84 | B86: 見る人黒帥とぞ申しける (miru hito kurosotsu to zo mōshikeru) | C86: people called him 'kuro-sotsu', | D86: 申しける | E86: indicative | F86: action | G86: verb | H86: transitive | I86: active | J86: positive | K86: 1 | L86: 2 | M86: S+O | N86: 0 | O86: overt | P86: 3 | Q86: overt | R86: n/a | S86: 0 | T86: 0 | U86: n/a | V86: main | W86: 1 | X86: 0 | Y86: n/a | Z86: lexical_humble_verb | AA86: 0 | AB86: none | AC86: subordinate | AD86: =IF(V86<>"te","", IF(OR(AC86="",AC86<>"te"), "te_initial", "te_medial")) | AE86: ds | AF86: ss | AG86: topic-drop | AH86: contains_new | AI86: 申す humble; subject overt; counted as EXALT INSIG. | AK86: =L86/K86 -> 2 | AL86: =IF(OR(G86="LVC", G86="LVC (j)", G86="LVC (inf)"), "LVC","non-LVC") -> non-LVC | AM86: {=IF(OR(O86:O243="zero_recoverable", "zero_exalt", "zero_other", "zero_uncertain"), "Yes","No")} -> Yes | AN86: =1 + COUNTIF($V$2:V85,"main") -> 26 | AO86: =IF($A86="","",IF($AH86=$AH87,$V87,"")) | AP86: =IF(OR($V86="relative",$V86="nominalised"),0,1) -> 1 | AQ86: =IF(AP87=0,"",COUNTIFS($AN$2:$AN87,$AN87,$AP$2:$AP87,1)) -> 1 | AR86: 0 | AS86: overt | AT86: n/a | AU86: =IF(AND($O86="overt",LEFT($AS86,5)="zero_"),1,0) -> 0 | AV86: =IF(AND($Q86="overt",LEFT($AT86,5)="zero_"),1,0) -> 0
A87: Heike 2.85 | B87: その人未だ蔵人頭たりし時 (sono hito imada kurōdo no tō tarishi toki) | C87: and while he was still Kurando-no-to, | D87: たりし | E87: indicative | F87: stative | G87: copula | H87: intransitive | I87: active | J87: positive | K87: 1 | L87: 1 | M87: SUB | N87: 0 | O87: overt | P87: 3 | Q87: n/a | R87: n/a | S87: 0 | T87: 0 | U87: REL | V87: subordinate | W87: 0 | X87: 0 | Y87: n/a | Z87: honorific_aux | AA87: 0 | AB87: temporal | AC87: main | AD87: =IF(V87<>"te","", IF(OR(AC87="",AC87<>"te"), "te_initial", "te_medial")) | AE87: ss | AF87: ss | AG87: topic-continued | AH87: no_overt_NP | AK87: =L87/K87 -> 1 | AL87: =IF(OR(G87="LVC", G87="LVC (j)", G87="LVC (inf)"), "LVC","non-LVC") -> non-LVC | AM87: {=IF(OR(O87:O244="zero_recoverable", "zero_exalt", "zero_other", "zero_uncertain"), "Yes","No")} -> Yes | AN87: =1 + COUNTIF($V$2:V86,"main") -> 27 | AO87: =IF($A87="","",IF($AH87=$AH88,$V88,"")) -> subordinate | AP87: =IF(OR($V87="relative",$V87="nominalised"),0,1) -> 1 | AQ87: =IF(AP88=0,"",COUNTIFS($AN$2:$AN88,$AN88,$AP$2:$AP88,1)) -> 2 | AR87: =IF(AQ87=1,1,0) -> 0 | AS87: zero_exalt | AT87: n/a | AU87: =IF(AND($O87="overt",LEFT($AS87,5)="zero_"),1,0) -> 1 | AV87: =IF(AND($Q87="overt",LEFT($AT87,5)="zero_"),1,0) -> 0
A88: Heike 2.86 | B88: 五節に舞はれけるに gosechi ni mawarekeru ni | C88: when he danced at the Go-sechie, | D88: 舞はれける | E88: indicative | F88: action | G88: verb | H88: intransitive | I88: active | J88: positive | K88: 1 | L88: 0 | M88: n/a | N88: 0 | O88: zero_exalt | P88: 3 | Q88: n/a | R88: n/a | S88: 0 | T88: 0 | U88: REL | V88: subordinate | W88: 0 | X88: 1 | Y88: sub | Z88: lexical_honorific_verb | AA88: 0 | AB88: temporal | AC88: subordinate | AD88: =IF(V88<>"te","", IF(OR(AC88="",AC88<>"te"), "te_initial", "te_medial")) | AE88: ss | AF88: ds | AG88: topic-drop | AH88: no_overt_NP | AK88: =L88/K88 -> 0 | AL88: =IF(OR(G88="LVC", G88="LVC (j)", G88="LVC (inf)"), "LVC","non-LVC") -> non-LVC | AM88: {=IF(OR(O88:O245="zero_recoverable", "zero_exalt", "zero_other", "zero_uncertain"), "Yes","No")} -> Yes | AN88: =1 + COUNTIF($V$2:V87,"main") -> 27 | AO88: =IF($A88="","",IF($AH88=$AH89,$V89,"")) | AP88: =IF(OR($V88="relative",$V88="nominalised"),0,1) -> 1 | AQ88: =IF(AP89=0,"",COUNTIFS($AN$2:$AN89,$AN89,$AP$2:$AP89,1)) -> 3 | AR88: =IF(AQ88=1,1,0) -> 0 | AS88: overt | AT88: overt | AU88: =IF(AND($O88="overt",LEFT($AS88,5)="zero_"),1,0) -> 0 | AV88: =IF(AND($Q88="overt",LEFT($AT88,5)="zero_"),1,0) -> 0
A89: Heike 2.87 | B89: 人々拍子を変へて (hitobito hyōshi o kaete) | C89: they changed the rhythm of the music | D89: 変へて | E89: indicative | F89: other | G89: verb | H89: transitive | I89: active | J89: positive | K89: 1 | L89: 2 | M89: S+O | N89: 0 | O89: overt | P89: 3 | Q89: overt | R89: n/a | S89: 0 | T89: 0 | U89: n/a | V89: te | W89: 0 | X89: 0 | Y89: n/a | Z89: n/a | AA89: 0 | AB89: sequential | AC89: subordinate | AD89: te_medial | AE89: ds | AF89: ss | AG89: topic-drop | AH89: contains_new | AK89: =L89/K89 -> 2 | AL89: =IF(OR(G89="LVC", G89="LVC (j)", G89="LVC (inf)"), "LVC","non-LVC") -> non-LVC | AM89: {=IF(OR(O89:O246="zero_recoverable", "zero_exalt", "zero_other", "zero_uncertain"), "Yes","No")} -> Yes | AN89: =1 + COUNTIF($V$2:V88,"main") -> 27 | AO89: =IF($A89="","",IF($AH89=$AH90,$V90,"")) -> main | AP89: =IF(OR($V89="relative",$V89="nominalised"),0,1) -> 1 | AQ89: =IF(AP90=0,"",COUNTIFS($AN$2:$AN90,$AN90,$AP$2:$AP90,1)) -> 4 | AR89: =IF(AQ89=1,1,0) -> 0 | AS89: overt | AT89: n/a | AU89: =IF(AND($O89="overt",LEFT($AS89,5)="zero_"),1,0) -> 0 | AV89: =IF(AND($Q89="overt",LEFT($AT89,5)="zero_"),1,0) -> 0
A90: Heike 2.88 | B90: あなくろくろ黒き頭かな (ana kuro kuro kuroki atama kana) | C90: "Oh what a black, black head!" | D90: N/A (exclamatory nominal clause) | E90: indicative | F90: other | G90: none | H90: intransitive | K90: 0 | L90: 1 | M90: SUB | N90: 0 | O90: overt | P90: 3 | Q90: n/a | R90: n/a | S90: 0 | T90: 0 | U90: n/a | V90: main | W90: 0 | X90: 0 | Y90: n/a | Z90: n/a | AA90: 0 | AB90: none | AC90: te | AD90: =IF(V90<>"te","", IF(OR(AC90="",AC90<>"te"), "te_initial", "te_medial")) | AE90: ss | AF90: ds | AG90: topic-drop | AH90: contains_new | AL90: =IF(OR(G90="LVC", G90="LVC (j)", G90="LVC (inf)"), "LVC","non-LVC") -> non-LVC | AM90: {=IF(OR(O90:O247="zero_recoverable", "zero_exalt", "zero_other", "zero_uncertain"), "Yes","No")} -> Yes | AN90: =1 + COUNTIF($V$2:V89,"main") -> 27 | AO90: =IF($A90="","",IF($AH90=$AH91,$V91,"")) -> complement | AP90: =IF(OR($V90="relative",$V90="nominalised"),0,1) -> 1 | AQ90: =IF(AP91=0,"",COUNTIFS($AN$2:$AN91,$AN91,$AP$2:$AP91,1)) -> 1 | AR90: 0 | AS90: overt | AT90: overt | AU90: =IF(AND($O90="overt",LEFT($AS90,5)="zero_"),1,0) -> 0 | AV90: =IF(AND($Q90="overt",LEFT($AT90,5)="zero_"),1,0) -> 0
A91: Heike 2.89 | B91: いかなる人の漆塗りけんとぞ (ikanaru hito no urushinuriken to zo ) | C91: "someone must have painted him with lacquer" | D91: 漆塗りけん | E91: epistemic | F91: other | G91: verb | H91: transitive | I91: active | J91: positive | K91: 1 | L91: 2 | M91: S+O | N91: 0 | O91: overt | P91: 3 | Q91: overt | R91: n/a | S91: 0 | T91: 0 | U91: n/a | V91: complement | W91: 0 | X91: 0 | Y91: n/a | Z91: n/a | AA91: 0 | AB91: quotative | AC91: main | AD91: =IF(V91<>"te","", IF(OR(AC91="",AC91<>"te"), "te_initial", "te_medial")) | AE91: ds | AF91: ds | AG91: topic-drop | AH91: contains_new | AK91: =L91/K91 -> 2 | AL91: =IF(OR(G91="LVC", G91="LVC (j)", G91="LVC (inf)"), "LVC","non-LVC") -> non-LVC | AM91: {=IF(OR(O91:O248="zero_recoverable", "zero_exalt", "zero_other", "zero_uncertain"), "Yes","No")} -> Yes | AN91: =1 + COUNTIF($V$2:V90,"main") -> 28 | AO91: =IF($A91="","",IF($AH91=$AH92,$V92,"")) | AP91: =IF(OR($V91="relative",$V91="nominalised"),0,1) -> 1 | AQ91: =IF(AP92=0,"",COUNTIFS($AN$2:$AN92,$AN92,$AP$2:$AP92,1)) -> 2 | AR91: 1 | AS91: zero_exalt | AT91: overt | AU91: =IF(AND($O91="overt",LEFT($AS91,5)="zero_"),1,0) -> 1 | AV91: =IF(AND($Q91="overt",LEFT($AT91,5)="zero_"),1,0) -> 0
A92: Heike 2.90 | B92: 囃されける (hayasarekeru) | C92: they sang in mockery. | D92: 囃されける | E92: indicative | F92: communication | G92: verb | H92: transitive | I92: active | J92: positive | K92: 1 | L92: 1 | M92: O (Speech) | N92: 0 | O92: zero_exalt | P92: 3 | Q92: overt | R92: n/a | S92: 0 | T92: 0 | U92: n/a | V92: main | W92: 0 | X92: 1 | Y92: sub | Z92: honorific_aux | AA92: 0 | AB92: none | AC92: complement | AD92: =IF(V92<>"te","", IF(OR(AC92="",AC92<>"te"), "te_initial", "te_medial")) | AE92: ds | AF92: ds | AG92: topic-drop | AH92: no_overt_NP | AK92: =L92/K92 -> 1 | AL92: =IF(OR(G92="LVC", G92="LVC (j)", G92="LVC (inf)"), "LVC","non-LVC") -> non-LVC | AM92: {=IF(OR(O92:O249="zero_recoverable", "zero_exalt", "zero_other", "zero_uncertain"), "Yes","No")} -> Yes | AN92: =1 + COUNTIF($V$2:V91,"main") -> 28 | AO92: =IF($A92="","",IF($AH92=$AH93,$V93,"")) | AP92: =IF(OR($V92="relative",$V92="nominalised"),0,1) -> 1 | AQ92: =IF(AP93=0,"",COUNTIFS($AN$2:$AN93,$AN93,$AP$2:$AP93,1)) -> 1 | AR92: 0 | AS92: overt | AT92: n/a | AU92: =IF(AND($O92="overt",LEFT($AS92,5)="zero_"),1,0) -> 0 | AV92: =IF(AND($Q92="overt",LEFT($AT92,5)="zero_"),1,0) -> 0
A93: Heike 2.91 | B93: また花山院前太政大臣忠雅公未だ十歳と申しし時 (mata Kazanin no saki no Daijōdaijin Tadamasa kō imada jissai to mōshi shi toki) | C93: Also, when Prince Tadamasa of the Kazan-in, the former Prime Minister, was only ten years old, | D93: 申しし | E93: indicative | F93: action | G93: verb | H93: intransitive | I93: active | J93: positive | K93: 1 | L93: 1 | M93: SUB | N93: 1 | O93: overt | P93: 3 | Q93: n/a | R93: n/a | S93: 0 | T93: 0 | U93: n/a | V93: subordinate | W93: 1 | X93: 0 | Y93: sub | Z93: lexical_humble_verb | AA93: 0 | AB93: temporal | AC93: main | AD93: =IF(V93<>"te","", IF(OR(AC93="",AC93<>"te"), "te_initial", "te_medial")) | AE93: ds | AF93: ss | AG93: topic-introduced | AH93: contains_new | AK93: =L93/K93 -> 1 | AL93: =IF(OR(G93="LVC", G93="LVC (j)", G93="LVC (inf)"), "LVC","non-LVC") -> non-LVC | AM93: {=IF(OR(O93:O250="zero_recoverable", "zero_exalt", "zero_other", "zero_uncertain"), "Yes","No")} -> Yes | AN93: =1 + COUNTIF($V$2:V92,"main") -> 29 | AO93: =IF($A93="","",IF($AH93=$AH94,$V94,"")) -> te | AP93: =IF(OR($V93="relative",$V93="nominalised"),0,1) -> 1 | AQ93: =IF(AP94=0,"",COUNTIFS($AN$2:$AN94,$AN94,$AP$2:$AP94,1)) -> 2 | AR93: 1 | AS93: zero_exalt | AT93: n/a | AU93: =IF(AND($O93="overt",LEFT($AS93,5)="zero_"),1,0) -> 1 | AV93: =IF(AND($Q93="overt",LEFT($AT93,5)="zero_"),1,0) -> 0
A94: Heike 2.92 | B94: 父中納言忠宗卿に後れ給ひて (chichi Chūnagon Tadamune kyō ni okure tamai te) | C94: having lost his father, Chunagon Tadamune, | D94: 後れ給ひて | E94: indicative | F94: action | G94: verb | H94: intransitive | I94: active | J94: positive | K94: 1 | L94: 1 | M94: IO | N94: 0 | O94: zero_exalt | P94: 3 | Q94: n/a | R94: overt | S94: 0 | T94: 0 | U94: n/a | V94: te | W94: 0 | X94: 1 | Y94: sub | Z94: lexical_honorific_verb | AA94: 0 | AB94: sequential | AC94: subordinate | AD94: te_medial | AE94: ss | AF94: ss | AG94: topic-introduced | AH94: contains_new | AK94: =L94/K94 -> 1 | AL94: =IF(OR(G94="LVC", G94="LVC (j)", G94="LVC (inf)"), "LVC","non-LVC") -> non-LVC | AM94: {=IF(OR(O94:O251="zero_recoverable", "zero_exalt", "zero_other", "zero_uncertain"), "Yes","No")} -> Yes | AN94: =1 + COUNTIF($V$2:V93,"main") -> 29 | AO94: =IF($A94="","",IF($AH94=$AH95,$V95,"")) -> subordinate | AP94: =IF(OR($V94="relative",$V94="nominalised"),0,1) -> 1 | AQ94: =IF(AP95=0,"",COUNTIFS($AN$2:$AN95,$AN95,$AP$2:$AP95,1)) -> 3 | AR94: =IF(AQ94=1,1,0) -> 0 | AS94: zero_exalt | AT94: n/a | AU94: =IF(AND($O94="overt",LEFT($AS94,5)="zero_"),1,0) -> 0 | AV94: =IF(AND($Q94="overt",LEFT($AT94,5)="zero_"),1,0) -> 0
A95: Heike 2.93 | B95: 孤子にておはせしを (koji nite ohaseshi o) | C95: and being left an orphan, | D95: おはせし | E95: indicative | F95: action | G95: existential verb | H95: intransitive | I95: active | J95: positive | K95: 1 | L95: 0 | M95: n/a | N95: 0 | O95: zero_exalt | P95: 3 | Q95: n/a | R95: n/a | S95: 0 | T95: 0 | U95: REL | V95: subordinate | W95: 0 | X95: 1 | Y95: sub | Z95: lexical_honorific_verb | AA95: 0 | AB95: concessive | AC95: te | AD95: =IF(V95<>"te","", IF(OR(AC95="",AC95<>"te"), "te_initial", "te_medial")) | AE95: ss | AF95: ds | AG95: topic-drop | AH95: contains_new | AK95: =L95/K95 -> 0 | AL95: =IF(OR(G95="LVC", G95="LVC (j)", G95="LVC (inf)"), "LVC","non-LVC") -> non-LVC | AM95: {=IF(OR(O95:O252="zero_recoverable", "zero_exalt", "zero_other", "zero_uncertain"), "Yes","No")} -> Yes | AN95: =1 + COUNTIF($V$2:V94,"main") -> 29 | AO95: =IF($A95="","",IF($AH95=$AH96,$V96,"")) -> subordinate | AP95: =IF(OR($V95="relative",$V95="nominalised"),0,1) -> 1 | AQ95: =IF(AP96=0,"",COUNTIFS($AN$2:$AN96,$AN96,$AP$2:$AP96,1)) -> 4 | AR95: =IF(AQ95=1,1,0) -> 0 | AS95: overt | AT95: n/a | AU95: =IF(AND($O95="overt",LEFT($AS95,5)="zero_"),1,0) -> 0 | AV95: =IF(AND($Q95="overt",LEFT($AT95,5)="zero_"),1,0) -> 0
A96: Heike 2.94 | B96: 故中御門藤中納言家成卿未だ播磨守にておはしけるが ko-Nakamikado Fuji Chūnagon Ienari kyō imada Harima no kami nite ohasikeru ga | C96: by Fuji Chūnagon Ienari, then Harima no Kami, | D96: おはしける | E96: indicative | F96: stative | G96: copula | H96: intransitive | I96: active | J96: positive | K96: 1 | L96: 1 | M96: SUB | N96: 1 | O96: overt | P96: 3 | Q96: n/a | R96: n/a | S96: 0 | T96: 0 | U96: REL | V96: subordinate | W96: 1 | X96: 0 | Y96: sub | Z96: lexical_honorific_verb | AA96: 0 | AB96: concessive | AC96: subordinate | AD96: =IF(V96<>"te","", IF(OR(AC96="",AC96<>"te"), "te_initial", "te_medial")) | AE96: ds | AF96: ss | AG96: topic-introduced | AH96: contains_new | AK96: =L96/K96 -> 1 | AL96: =IF(OR(G96="LVC", G96="LVC (j)", G96="LVC (inf)"), "LVC","non-LVC") -> non-LVC | AM96: {=IF(OR(O96:O253="zero_recoverable", "zero_exalt", "zero_other", "zero_uncertain"), "Yes","No")} -> Yes | AN96: =1 + COUNTIF($V$2:V95,"main") -> 29 | AO96: =IF($A96="","",IF($AH96=$AH97,$V97,"")) -> te | AP96: =IF(OR($V96="relative",$V96="nominalised"),0,1) -> 1 | AQ96: =IF(AP97=0,"",COUNTIFS($AN$2:$AN97,$AN97,$AP$2:$AP97,1)) -> 5 | AR96: =IF(AQ96=1,1,0) -> 0 | AS96: zero_recoverable | AT96: zero_recoverable | AU96: =IF(AND($O96="overt",LEFT($AS96,5)="zero_"),1,0) -> 1 | AV96: =IF(AND($Q96="overt",LEFT($AT96,5)="zero_"),1,0) -> 0
A97: Heike 2.95 | B97: 聟に取りて muko ni torite | C97: he was taken as son-in-law | D97: 取りて | E97: indicative | F97: action | G97: verb | H97: transitive | I97: active | J97: positive | K97: 1 | L97: 1 | M97: IO | N97: 0 | O97: zero_recoverable | P97: 3 | Q97: zero_recoverable | R97: overt | S97: 0 | T97: 0 | U97: n/a | V97: te | W97: 0 | X97: 0 | Y97: n/a | Z97: n/a | AA97: 0 | AB97: none | AC97: subordinate | AD97: te_medial | AE97: ss | AF97: ss | AG97: topic-drop | AH97: contains_new | AK97: =L97/K97 -> 1 | AL97: =IF(OR(G97="LVC", G97="LVC (j)", G97="LVC (inf)"), "LVC","non-LVC") -> non-LVC | AM97: {=IF(OR(O97:O254="zero_recoverable", "zero_exalt", "zero_other", "zero_uncertain"), "Yes","No")} -> Yes | AN97: =1 + COUNTIF($V$2:V96,"main") -> 29 | AO97: =IF($A97="","",IF($AH97=$AH98,$V98,"")) -> subordinate | AP97: =IF(OR($V97="relative",$V97="nominalised"),0,1) -> 1 | AQ97: =IF(AP98=0,"",COUNTIFS($AN$2:$AN98,$AN98,$AP$2:$AP98,1)) -> 6 | AR97: =IF(AQ97=1,1,0) -> 0 | AS97: zero_recoverable | AT97: n/a | AU97: =IF(AND($O97="overt",LEFT($AS97,5)="zero_"),1,0) -> 0 | AV97: =IF(AND($Q97="overt",LEFT($AT97,5)="zero_"),1,0) -> 0
A98: Heike 2.96 | B98: 華やかにもてなされければ hanayaka ni motenasarekereba | C98: and splendidly welcomed, | D98: もてなされければ | E98: indicative | F98: action | G98: verb | H98: intransitive | I98: passive | J98: positive | K98: 1 | L98: 0 | M98: n/a | N98: 0 | O98: zero_recoverable | P98: 3 | Q98: n/a | R98: zero_recoverable | S98: 0 | T98: 0 | U98: n/a | V98: subordinate | W98: 0 | X98: 0 | Y98: n/a | Z98: n/a | AA98: 0 | AB98: causal | AC98: te | AD98: =IF(V98<>"te","", IF(OR(AC98="",AC98<>"te"), "te_initial", "te_medial")) | AE98: ss | AF98: ds | AG98: topic-drop | AH98: contains_new | AI98: verbal sequence | AK98: =L98/K98 -> 0 | AL98: =IF(OR(G98="LVC", G98="LVC (j)", G98="LVC (inf)"), "LVC","non-LVC") -> non-LVC | AM98: {=IF(OR(O98:O255="zero_recoverable", "zero_exalt", "zero_other", "zero_uncertain"), "Yes","No")} -> Yes | AN98: =1 + COUNTIF($V$2:V97,"main") -> 29 | AO98: =IF($A98="","",IF($AH98=$AH99,$V99,"")) -> complement | AP98: =IF(OR($V98="relative",$V98="nominalised"),0,1) -> 1 | AQ98: =IF(AP99=0,"",COUNTIFS($AN$2:$AN99,$AN99,$AP$2:$AP99,1)) -> 7 | AR98: =IF(AQ98=1,1,0) -> 0 | AS98: overt | AT98: overt | AU98: =IF(AND($O98="overt",LEFT($AS98,5)="zero_"),1,0) -> 0 | AV98: =IF(AND($Q98="overt",LEFT($AT98,5)="zero_"),1,0) -> 0
A99: Heike 2.97 | B99: これも五節には播磨の米は木賊か椋の葉か人の綺羅を磨くはとぞ (kore mo gosechi ni wa Harima no kome wa tokusa ka mukuno ha ka hito no kira o migaku wa to zo) | C99: at that Go-sechie with the refrain ‘The rice of Harima...’ | D99: 磨く | E99: indicative | F99: action | G99: verb | H99: transitive | I99: active | J99: positive | K99: 1 | L99: 2 | M99: S+O | N99: 1 | O99: overt | P99: 3 | Q99: overt | R99: n/a | S99: 0 | T99: 0 | U99: REL | V99: complement | W99: 0 | X99: 0 | Y99: n/a | Z99: honorific_aux | AA99: 0 | AB99: none | AC99: subordinate | AD99: =IF(V99<>"te","", IF(OR(AC99="",AC99<>"te"), "te_initial", "te_medial")) | AE99: ds | AF99: ds | AG99: topic-drop | AH99: contains_new | AK99: =L99/K99 -> 2 | AL99: =IF(OR(G99="LVC", G99="LVC (j)", G99="LVC (inf)"), "LVC","non-LVC") -> non-LVC | AM99: {=IF(OR(O99:O256="zero_recoverable", "zero_exalt", "zero_other", "zero_uncertain"), "Yes","No")} -> Yes | AN99: =1 + COUNTIF($V$2:V98,"main") -> 29 | AO99: =IF($A99="","",IF($AH99=$AH100,$V100,"")) | AP99: =IF(OR($V99="relative",$V99="nominalised"),0,1) -> 1 | AQ99: =IF(AP100=0,"",COUNTIFS($AN$2:$AN100,$AN100,$AP$2:$AP100,1)) -> 8 | AR99: =IF(AQ99=1,1,0) -> 0 | AS99: zero_recoverable | AT99: n/a | AU99: =IF(AND($O99="overt",LEFT($AS99,5)="zero_"),1,0) -> 1 | AV99: =IF(AND($Q99="overt",LEFT($AT99,5)="zero_"),1,0) -> 0
A100: Heike 2.98 | B100: 囃されける hayasarekeru | C100: they also japed at him | D100: 囃されける | E100: indicative | F100: action | G100: verb | H100: intransitive | I100: passive | J100: positive | K100: 1 | L100: 0 | M100: n/a | N100: 1 | O100: zero_recoverable | P100: 3 | Q100: n/a | R100: n/a | S100: 0 | T100: 0 | U100: kakari-musubi | V100: main | W100: 0 | X100: 0 | Y100: n/a | Z100: n/a | AA100: 0 | AB100: quotative | AC100: complement | AD100: =IF(V100<>"te","", IF(OR(AC100="",AC100<>"te"), "te_initial", "te_medial")) | AE100: ds | AF100: ds | AG100: topic-drop | AH100: no_overt_NP | AK100: =L100/K100 -> 0 | AL100: =IF(OR(G100="LVC", G100="LVC (j)", G100="LVC (inf)"), "LVC","non-LVC") -> non-LVC | AM100: {=IF(OR(O100:O257="zero_recoverable", "zero_exalt", "zero_other", "zero_uncertain"), "Yes","No")} -> Yes | AN100: =1 + COUNTIF($V$2:V99,"main") -> 29 | AO100: =IF($A100="","",IF($AH100=$AH101,$V101,"")) | AP100: =IF(OR($V100="relative",$V100="nominalised"),0,1) -> 1 | AQ100: =IF(AP101=0,"",COUNTIFS($AN$2:$AN101,$AN101,$AP$2:$AP101,1)) -> 1 | AR100: 0 | AS100: zero_uncertain | AT100: n/a | AU100: =IF(AND($O100="overt",LEFT($AS100,5)="zero_"),1,0) -> 0 | AV100: =IF(AND($Q100="overt",LEFT($AT100,5)="zero_"),1,0) -> 0
...

Sheet Prelim Analysis
A1: 1. RD vs argument realisation and structure
A3: 1.1 RD and overt vs omitted arguments
A4: Object_Class | B4: Average of RD2 | C4: Count of Clause_ID
A5: n/a | B5: 0.7012987 | C5: 78
A6: not_applicable | B6: 0 | C6: 2
A7: overt | B7: 1.4210526 | C7: 56
A8: zero_other | B8: 0.75 | C8: 4
A9: zero_recoverable | B9: 0.72727273 | C9: 11
A10: zero_uncertain | B10: 1 | C10: 1
A11: Grand Total | B11: 0.96710526 | C11: 152
A16: Arg Type | B16: Average of RD2
A17: IO | B17: 1.0714286 | D17: Predicate_Transitivity | E17: Average of RD2 | G17: Sum of RD2 | H17: Predicate_Transitivity
A18: n/a | B18: 0 | D18: ditransitive | E18: 1.5 | G18: Verb_Semantic_Class | H18: ditransitive | I18: intransitive | J18: transitive | K18: Grand Total
A19: O (Speech) | B19: 1 | D19: intransitive | E19: 0.71764706 | G19: action | I19: 12 | J19: 32 | K19: 44
A20: O (Speech) +IO | B20: 2 | D20: transitive | E20: 1.2727273 | G20: aux/modal | I20: 2 | K20: 2
A21: O+IO | B21: 2 | D21: (blank) | E21: 0.98701299 | G21: communication | H21: 1 | I21: 1 | J21: 4 | K21: 6
A22: OBJ | B22: 1.0333333 | D22: Grand Total | E22: 0.96757436 | G22: motion | I22: 2 | J22: 3 | K22: 5
A23: S (Speech) | B23: 1 | G23: other | H23: 2 | I23: 18 | J23: 31 | K23: 51
A24: S+O | B24: 2 | G24: perception | I24: 0 | J24: 6 | K24: 6
A25: S+O (Speech) | B25: 2 | G25: psych-state | I25: 4 | J25: 4 | K25: 8
A26: S+O+IO | B26: 3 | G26: stative | I26: 22 | J26: 4 | K26: 26
A27: SUB | B27: 1 | G27: Grand Total | H27: 3 | I27: 61 | J27: 84 | K27: 148
A28: (blank) | B28: 0.97402597
A29: Grand Total | B29: 0.96757436
A33: 2. Exaltation and pro-drop | O33: Pivot 7: RD2 × Exaltation_Present
A35: 2.1 Exaltation vs Arg Type
A36: Average of RD2 | B36: EXALT INSIG | H36: Average of RD2 | I36: V-ARG-Ø-ARG | O36: V-ARG-Ø-ARG | P36: Average of RD2
A37: Arg Type | B37: 0 | C37: 1 | D37: Grand Total | H37: Arg Type | I37: 0 | J37: 1 | K37: Grand Total | O37: 0 | P37: 1.0491803
A38: IO | B38: 1.0769231 | C38: 1 | D38: 1.0714286 | H38: IO | I38: 1.0909091 | J38: 1 | K38: 1.0714286 | O38: 1 | P38: 0.65625
A39: O (Speech) | B39: 1 | D39: 1 | H39: O (Speech) | I39: 1 | J39: 1 | K39: 1 | O39: 32 | P39: 0.97402597
A40: O (Speech) +IO | C40: 2 | D40: 2 | H40: O (Speech) +IO | I40: 2 | K40: 2 | O40: (blank)
A41: O+IO | B41: 2 | D41: 2 | H41: O+IO | I41: 2 | J41: 2 | K41: 2 | O41: Grand Total | P41: 0.96757436
A42: OBJ | B42: 1.0344828 | C42: 1 | D42: 1.0333333 | H42: OBJ | I42: 1.0555556 | J42: 1 | K42: 1.0333333
A43: S (Speech) | B43: 1 | D43: 1 | H43: S (Speech) | I43: 1 | K43: 1 | O43: EXALT INSIG | P43: Average of RD2
A44: S+O | B44: 2 | C44: 2 | D44: 2 | H44: S+O | I44: 2 | K44: 2 | O44: 0 | P44: 0.92592593
A45: S+O (Speech) | C45: 2 | D45: 2 | H45: S+O (Speech) | I45: 2 | K45: 2 | O45: 1 | P45: 1.2631579
A46: S+O+IO | B46: 3 | D46: 3 | H46: S+O+IO | I46: 3 | K46: 3 | O46: 19 | P46: 0.97402597
A47: SUB | B47: 1 | C47: 1 | D47: 1 | H47: SUB | I47: 1 | K47: 1 | O47: (blank)
A48: Grand Total | B48: 1.1904762 | C48: 1.2631579 | D48: 1.2016129 | H48: Grand Total | I48: 1.2307692 | J48: 1.05 | K48: 1.2016129 | O48: Grand Total | P48: 0.96757436
B53: V-ARG-Ø-ARG | C53: Values | O53: Average of RD2 | P53: Subject_Zero
B54: 0 | D54: 1 | F54: Total Count of Clause_ID | G54: Total Count of Clause_ID2 | O54: V-ARG-Ø-ARG | P54: No | Q54: Yes | R54: Grand Total
A55: Switch_Ref | B55: Count of Clause_ID | C55: Count of Clause_ID2 | D55: Count of Clause_ID | E55: Count of Clause_ID2 | O55: 0 | P55: 1 | Q55: 1.0495868 | R55: 1.0491803
A56: ds | B56: 0.86842105 | C56: 66 | D56: 0.13157895 | E56: 10 | F56: 1 | G56: 76 | O56: 1 | Q56: 0.65625 | R56: 0.65625
A57: ss | B57: 0.72 | C57: 54 | D57: 0.28 | E57: 21 | F57: 1 | G57: 75 | O57: Grand Total | P57: 1 | Q57: 0.96732026 | R57: 0.96753247
A58: Grand Total | B58: 0.79470199 | C58: 120 | D58: 0.20529801 | E58: 31 | F58: 1 | G58: 151
P62: V-ARG-Ø-ARG | Q62: Values
H63: Count of Clause_ID | I63: V-ARG-Ø-ARG | P63: 0 | R63: 1 | T63: Total Count of Clause_ID | U63: Total Count of Clause_ID2
H64: Information_Status | I64: 0 | J64: 1 | K64: Grand Total | O64: Topic_Status | P64: Count of Clause_ID | Q64: Count of Clause_ID2 | R64: Count of Clause_ID | S64: Count of Clause_ID2
H65: all given | I65: 8 | J65: 1 | K65: 9 | O65: topic-continued | P65: 0.90909091 | Q65: 10 | R65: 0.090909091 | S65: 1 | T65: 1 | U65: 11
H66: contains_new | I66: 99 | J66: 17 | K66: 116 | O66: topic-drop | P66: 0.75454545 | Q66: 83 | R66: 0.24545455 | S66: 27 | T66: 1 | U66: 110
H67: no_overt_NP | I67: 16 | J67: 13 | K67: 29 | O67: topic-introduced | P67: 0.90909091 | Q67: 10 | R67: 0.090909091 | S67: 1 | T67: 1 | U67: 11
H68: Grand Total | I68: 123 | J68: 31 | K68: 154 | O68: topic-shift | P68: 0.90909091 | Q68: 20 | R68: 0.090909091 | S68: 2 | T68: 1 | U68: 22
O69: Grand Total | P69: 0.7987013 | Q69: 123 | R69: 0.2012987 | S69: 31 | T69: 1 | U69: 154
A71: 3. Clause linking, topics, and argument behaviour
A72: 3.1 Clause_Type vs Switch_Ref
B73: Next_Switch_Ref | C73: Values
B74: ds | D74: ss | F74: Total Count of Clause_ID | G74: Total Count of Clause_ID2
A75: Clause_Type | B75: Count of Clause_ID | C75: Count of Clause_ID2 | D75: Count of Clause_ID | E75: Count of Clause_ID2
A76: complement | B76: 0.57142857 | C76: 4 | D76: 0.42857143 | E76: 3 | F76: 1 | G76: 7
A77: inf | B77: 0 | D77: 1 | E77: 6 | F77: 1 | G77: 6
A78: main | B78: 0.65 | C78: 26 | D78: 0.35 | E78: 14 | F78: 1 | G78: 40
A79: nominalised | B79: 0.5 | C79: 1 | D79: 0.5 | E79: 1 | F79: 1 | G79: 2
A80: none | B80: 1 | C80: 1 | D80: 0 | F80: 1 | G80: 1
A81: relative | B81: 0.55 | C81: 11 | D81: 0.45 | E81: 9 | F81: 1 | G81: 20
A82: subordinate | B82: 0.625 | C82: 25 | D82: 0.375 | E82: 15 | F82: 1 | G82: 40
A83: te | B83: 0.19354839 | C83: 6 | D83: 0.80645161 | E83: 25 | F83: 1 | G83: 31
A84: Grand Total | B84: 0.50340136 | C84: 74 | D84: 0.49659864 | E84: 73 | F84: 1 | G84: 147
A87: 3.2 Clause_Type vs Subject_Class / Topic_Status
B88: Subject_Class | C88: Values
B89: overt | D89: zero_exalt | F89: zero_other | H89: zero_recoverable | J89: zero_uncertain | L89: Total Count of Clause_ID | M89: Total Count of Clause_ID2
A90: Clause_Type | B90: Count of Clause_ID | C90: Count of Clause_ID2 | D90: Count of Clause_ID | E90: Count of Clause_ID2 | F90: Count of Clause_ID | G90: Count of Clause_ID2 | H90: Count of Clause_ID | I90: Count of Clause_ID2 | J90: Count of Clause_ID | K90: Count of Clause_ID2
A91: complement | B91: 0.5 | C91: 4 | D91: 0.125 | E91: 1 | F91: 0.125 | G91: 1 | H91: 0.25 | I91: 2 | J91: 0 | L91: 1 | M91: 8
A92: inf | B92: 0.33333333 | C92: 2 | D92: 0.16666667 | E92: 1 | F92: 0 | H92: 0.5 | I92: 3 | J92: 0 | L92: 1 | M92: 6
A93: main | B93: 0.52380952 | C93: 22 | D93: 0.21428571 | E93: 9 | F93: 0.071428571 | G93: 3 | H93: 0.16666667 | I93: 7 | J93: 0.023809524 | K93: 1 | L93: 1 | M93: 42
A94: nominalised | B94: 1 | C94: 2 | D94: 0 | F94: 0 | H94: 0 | J94: 0 | L94: 1 | M94: 2
A95: relative | B95: 0.45454545 | C95: 10 | D95: 0.090909091 | E95: 2 | F95: 0.045454545 | G95: 1 | H95: 0.40909091 | I95: 9 | J95: 0 | L95: 1 | M95: 22
A96: subordinate | B96: 0.48780488 | C96: 20 | D96: 0.2195122 | E96: 9 | F96: 0.024390244 | G96: 1 | H96: 0.24390244 | I96: 10 | J96: 0.024390244 | K96: 1 | L96: 1 | M96: 41
A97: te | B97: 0.28125 | C97: 9 | D97: 0.1875 | E97: 6 | F97: 0.03125 | G97: 1 | H97: 0.46875 | I97: 15 | J97: 0.03125 | K97: 1 | L97: 1 | M97: 32
A98: Grand Total | B98: 0.45098039 | C98: 69 | D98: 0.18300654 | E98: 28 | F98: 0.045751634 | G98: 7 | H98: 0.30065359 | I98: 46 | J98: 0.019607843 | K98: 3 | L98: 1 | M98: 153
A102: 3.3 LVC vs RD
A103: LVC | B103: Average of RD2 | I103: LVC vs transitivity (contrary to my expectations) | O103: Clause_ID | P103: Clause | Q103: Translation | R103: Predicate | S103: Modality | T103: Verb_Semantic_Class | U103: Pred_Type | V103: Predicate_Transitivity | W103: Voice_Type | X103: Clause_Polarity | Y103: ~Ø-Verbal | Z103: ACT-ARG | AA103: Arg Type | AB103: NON-ARG | AC103: Subject_Class | AD103: Subject_Person | AE103: Object_Class | AF103: Indirect_Object_Class | AG103: GAP-ACT-ARG | AH103: GAP-NON-ARG | AI103: Adnominal_Function | AJ103: Clause_Type | AK103: EXALT INSIG | AL103: V-ARG-Ø-ARG | AM103: Exaltation_Referential_Target | AN103: Exaltation_Form_Type | AO103: NOM EXH MORPH | AP103: Connective_Type | AQ103: Prev_Clause_Type | AR103: Switch_Ref | AS103: Next_Switch_Ref | AT103: Topic_Status | AU103: Information_Status | AV103: Сomment | AW103: Field35 | AX103: RD2 | AY103: LVC | AZ103: Subject_Zero
A104: LVC | B104: 0.82352941 | D104: Average of RD2 | E104: LVC | I104: Count of Clause_ID | J104: LVC | O104: Heike 2.121 | P104: 欠官停任せらるべき (kekkan teinin seraru beki yoshi) | Q104: and he be deprived of rank and office, | R104: 停任せらるべき | S104: deontic | T104: action | U104: LVC | V104: intransitive | W104: passive | X104: positive | Y104: 1 | Z104: 0 | AA104: n/a | AB104: 0 | AC104: zero_recoverable | AD104: 3 | AE104: n/a | AF104: n/a | AG104: 0 | AH104: 1 | AI104: REL | AJ104: relative | AK104: 0 | AL104: 0 | AM104: n/a | AN104: n/a | AO104: 0 | AP104: none | AQ104: te | AR104: ss | AS104: ds | AT104: topic-drop | AU104: no_overt_NP | AX104: 0 | AY104: LVC | AZ104: Yes
A105: non-LVC | B105: 0.98540146 | D105: Predicate_Transitivity | E105: LVC | F105: non-LVC | G105: Grand Total | I105: Predicate_Transitivity | J105: LVC | K105: non-LVC | L105: Grand Total | O105: Heike 2.118 | P105: 事既に重畳せり (koto sudeni chōjō seri) | Q105: indeed, one crime piled on another, | R105: 重畳せり | S105: indicative | T105: other | U105: LVC | V105: intransitive | W105: active | X105: positive | Y105: 1 | Z105: 1 | AA105: SUB | AB105: 1 | AC105: overt | AD105: 3 | AE105: n/a | AF105: n/a | AG105: 0 | AH105: 0 | AI105: n/a | AJ105: inf | AK105: 0 | AL105: 0 | AM105: n/a | AN105: n/a | AO105: 0 | AP105: none | AQ105: main | AR105: ds | AS105: ss | AT105: topic-drop | AU105: all given | AX105: 1 | AY105: LVC | AZ105: Yes
A106: Grand Total | B106: 0.96753247 | D106: ditransitive | F106: 1.5 | G106: 1.5 | I106: intransitive | J106: 7 | K106: 79 | L106: 86 | O106: Heike 2.106 | P106: 公宴に列し kōen ni res shi | Q106: coming to a Court entertainment | R106: 列し | S106: indicative | T106: motion | U106: LVC | V106: intransitive | W106: active | X106: positive | Y106: 1 | Z106: 1 | AA106: IO | AB106: 0 | AC106: zero_recoverable | AD106: 3 | AE106: none | AF106: overt | AG106: 0 | AH106: 0 | AI106: n/a | AJ106: te | AK106: 0 | AL106: 0 | AM106: n/a | AN106: n/a | AO106: 0 | AP106: none | AQ106: te | AR106: ss | AS106: ss | AT106: topic-drop | AU106: contains_new | AX106: 1 | AY106: LVC | AZ106: Yes
D107: intransitive | E107: 0.71428571 | F107: 0.71794872 | G107: 0.71764706 | I107: transitive | J107: 9 | K107: 56 | L107: 65 | O107: Heike 2.67 | P107: 紫宸殿の御後にして (Shishinden no o-ato ni shite) | Q107: and going behind the Shishinden, | R107: 後にして | S107: indicative | T107: other | U107: LVC (j) | V107: intransitive | W107: active | X107: positive | Y107: 1 | Z107: 0 | AA107: n/a | AB107: 1 | AC107: zero_recoverable | AD107: 3 | AE107: n/a | AF107: n/a | AG107: 0 | AH107: 0 | AI107: n/a | AJ107: te | AK107: 0 | AL107: 0 | AM107: n/a | AN107: n/a | AO107: 0 | AP107: sequential | AQ107: subordinate | AR107: ss | AS107: ds | AT107: topic-drop | AU107: no_overt_NP | AX107: 0 | AY107: LVC | AZ107: Yes
D108: transitive | E108: 0.88888889 | F108: 1.3333333 | G108: 1.2727273 | I108: Grand Total | J108: 16 | K108: 135 | L108: 151 | O108: Heike 2.44 | P108: 相伝の主備前守殿今夜闇討にせられ給ふべき (sōden no aruji Bizen no kami-dono kon'ya yamiuchi ni serare-tamō beki) | Q108: tonight they will try to kill my Lord Bizen-no-kami dono" | R108: 闇討にせられ給ふ | S108: indicative | T108: other | U108: LVC | V108: intransitive | W108: passive | X108: positive | Y108: 1 | Z108: 1 | AA108: SUB | AB108: 1 | AC108: overt | AD108: 3 | AE108: n/a | AF108: n/a | AG108: 0 | AH108: 1 | AI108: REL | AJ108: relative | AK108: 1 | AL108: 0 | AM108: sub | AN108: lexical_honorific_verb | AO108: 0 | AP108: none | AQ108: subordinate | AR108: ds | AS108: ss | AT108: topic-shift | AU108: contains_new | AX108: 1 | AY108: LVC | AZ108: Yes
D109: Grand Total | E109: 0.8125 | F109: 0.98540146 | G109: 0.96732026 | O109: Heike 2.14 | P109: とぞ議せられける (to zo giserarikeru) | Q109: they plotted | R109: 議せられける | S109: indicative | T109: communication | U109: LVC | V109: intransitive | W109: passive | X109: positive | Y109: 1 | Z109: 1 | AA109: S (Speech) | AB109: 0 | AC109: overt | AD109: n/a | AE109: n/a | AF109: n/a | AG109: 0 | AH109: 0 | AI109: n/a | AJ109: main | AK109: 0 | AL109: 0 | AM109: n/a | AN109: n/a | AO109: 0 | AP109: none | AQ109: complement | AR109: ds | AS109: ds | AT109: topic-drop | AU109: all given | AX109: 1 | AY109: LVC | AZ109: Yes
I110: Count of Clause_ID | J110: LVC | O110: Heike 2.11 | P110: 忠盛三十六にて初めて昇殿す (Tadamori sanjūroku nite hajimete shōden su) | Q110: which Tadamori did for the first time at the age of thirty six. | R110: 昇殿す | S110: indicative | T110: motion | U110: LVC | V110: intransitive | W110: active | X110: positive | Y110: 1 | Z110: 1 | AA110: SUB | AB110: 2 | AC110: overt | AD110: 3 | AE110: overt | AF110: n/a | AG110: 0 | AH110: 0 | AI110: n/a | AJ110: main | AK110: 0 | AL110: 0 | AM110: n/a | AN110: n/a | AO110: 0 | AP110: none | AQ110: relative | AR110: ds | AS110: ds | AT110: topic-continued | AU110: contains_new | AX110: 1 | AY110: LVC | AZ110: Yes
I111: Predicate_Transitivity | J111: LVC | K111: non-LVC | L111: Grand Total
I112: intransitive | J112: 4 | K112: 79 | L112: 86
I113: transitive | J113: 10 | K113: 56 | L113: 65
A114: Count of Clause_ID | B114: LVC | I114: Grand Total | J114: 14 | K114: 135 | L114: 151
A115: Clause_Type | B115: LVC | C115: non-LVC | D115: (blank) | E115: Grand Total
A116: 0 | D116: 1 | E116: 1
A117: complement | B117: 1 | C117: 7 | E117: 8
A118: inf | B118: 2 | C118: 4 | E118: 6
A119: main | B119: 3 | C119: 39 | E119: 42
A120: nominalised | C120: 2 | E120: 2
A121: none | C121: 1 | E121: 1
A122: relative | B122: 4 | C122: 18 | E122: 22
...

Sheet RD vs argument realisation
A1: 1. RD vs argument realisation and structure
A2: 1.1 RD and overt vs Cluase Type / Subjects
B3: Clause_Type | C3: Values | V3: Clause_Type | W3: RD2 Average | X3: N | Z3: Clause_Type | AA3: Average of RD2 | AB3: Count of Clause_ID
B4: complement | D4: inf | F4: main | H4: nominalised | J4: none | L4: relative | N4: subordinate | P4: te | R4: Total Count of Clause_ID | S4: Total Average of RD2 | V4: complement | W4: 1 | X4: 8 | Z4: 0 | AA4: 0.97402597 | AB4: 1
A5: Subject_Class | B5: Count of Clause_ID | C5: Average of RD2 | D5: Count of Clause_ID | E5: Average of RD2 | F5: Count of Clause_ID | G5: Average of RD2 | H5: Count of Clause_ID | I5: Average of RD2 | J5: Count of Clause_ID | K5: Average of RD2 | L5: Count of Clause_ID | M5: Average of RD2 | N5: Count of Clause_ID | O5: Average of RD2 | P5: Count of Clause_ID | Q5: Average of RD2 | V5: inf | W5: 1.3333333 | X5: 6 | Z5: complement | AA5: 1 | AB5: 8
A6: overt | B6: 4 | C6: 1.5 | D6: 2 | E6: 1.5 | F6: 22 | G6: 1.1428571 | H6: 2 | I6: 1 | L6: 10 | M6: 1.2 | N6: 20 | O6: 1.15 | P6: 9 | Q6: 1.8888889 | R6: =SUM(B6,D6,F6,H6,J6,L6,N6,P6) -> 69 | S6: =AVERAGE(Q6,O6,M6,K6,I6,G6,E6,C6) -> 1.3402494 | V6: main | W6: 0.85714286 | X6: 42 | Z6: inf | AA6: 1.3333333 | AB6: 6
A7: zero_exalt | B7: 1 | C7: 1 | D7: 1 | E7: 2 | F7: 9 | G7: 0.6 | L7: 2 | M7: 0.5 | N7: 9 | O7: 0.44444444 | P7: 6 | Q7: 1 | R7: =SUM(B7,D7,F7,H7,J7,L7,N7,P7) -> 28 | S7: =AVERAGE(Q7,O7,M7,K7,I7,G7,E7,C7) -> 0.92407407 | V7: nominalised | W7: 1 | X7: 2 | Z7: main | AA7: 0.85714286 | AB7: 42
A8: zero_other | B8: 1 | C8: 0 | F8: 3 | G8: 0.33333333 | L8: 1 | M8: 0 | N8: 1 | O8: 0 | P8: 1 | Q8: 1 | R8: =SUM(B8,D8,F8,H8,J8,L8,N8,P8) -> 7 | S8: =AVERAGE(Q8,O8,M8,K8,I8,G8,E8,C8) -> 0.26666667 | V8: none | W8: 0 | X8: 1 | Z8: nominalised | AA8: 1 | AB8: 2
A9: zero_recoverable | B9: 2 | C9: 0.5 | D9: 3 | E9: 1 | F9: 7 | G9: 0.71428571 | L9: 9 | M9: 0.66666667 | N9: 10 | O9: 0.9 | P9: 15 | Q9: 1 | R9: =SUM(B9,D9,F9,H9,J9,L9,N9,P9) -> 46 | S9: =AVERAGE(Q9,O9,M9,K9,I9,G9,E9,C9) -> 0.7968254 | V9: relative | W9: 0.86363636 | X9: 22 | Z9: none | AA9: 0 | AB9: 1
A10: zero_uncertain | F10: 1 | G10: 0 | N10: 1 | O10: 0 | P10: 1 | Q10: 1 | R10: =SUM(B10,D10,F10,H10,J10,L10,N10,P10) -> 3 | S10: =AVERAGE(Q10,O10,M10,K10,I10,G10,E10,C10) -> 0.33333333 | V10: subordinate | W10: 0.87804878 | X10: 41 | Z10: relative | AA10: 0.86363636 | AB10: 22
A11: Grand Total | B11: =SUM(B6:B10) -> 8 | C11: =AVERAGE(C6:C10) -> 0.75 | D11: =SUM(D6:D10) -> 6 | E11: =AVERAGE(E6:E10) -> 1.5 | F11: =SUM(F6:F10) -> 42 | G11: =AVERAGE(G6:G10) -> 0.55809524 | H11: =SUM(H6:H10) -> 2 | I11: =AVERAGE(I6:I10) -> 1 | J11: =SUM(J6:J10) -> 0 | K11: =SUM(K6:K10) -> 0 | L11: =SUM(L6:L10) -> 22 | M11: =AVERAGE(M6:M10) -> 0.59166667 | N11: =SUM(N6:N10) -> 41 | O11: =AVERAGE(O6:O10) -> 0.49888889 | P11: =SUM(P6:P10) -> 32 | Q11: =AVERAGE(Q6:Q10) -> 1.1777778 | R11: =SUM(B11,D11,F11,H11,J11,L11,N11,P11) -> 153 | S11: =AVERAGE(Q11,O11,M11,K11,I11,G11,E11,C11) -> 0.75955357 | V11: te | W11: 1.25 | X11: 32 | Z11: subordinate | AA11: 0.87804878 | AB11: 41
Z12: te | AA12: 1.25 | AB12: 32
A13: 1.2 RD and overt vs Cluase Type / Objects | Z13: (blank) | AB13: 3
B14: Clause_Type | C14: Values | V14: Clause_Type | W14: Average of RD2 | X14: Count of Clause_ID | Z14: Grand Total | AA14: 0.96757436 | AB14: 158
B15: complement | D15: inf | F15: main | H15: nominalised | J15: none | L15: relative | N15: subordinate | P15: te | R15: Total Average of RD2 | S15: Total Count of Clause_ID
A16: Object_Class | B16: Average of RD2 | C16: Count of Clause_ID | D16: Average of RD2 | E16: Count of Clause_ID | F16: Average of RD2 | G16: Count of Clause_ID | H16: Average of RD2 | I16: Count of Clause_ID | J16: Average of RD2 | K16: Count of Clause_ID | L16: Average of RD2 | M16: Count of Clause_ID | N16: Average of RD2 | O16: Count of Clause_ID | P16: Average of RD2 | Q16: Count of Clause_ID | V16: complement | W16: 1 | X16: 8
A17: overt | B17: 1.6666667 | C17: 3 | D17: 1.5 | E17: 4 | F17: 1.4166667 | G17: 11 | L17: 1.3333333 | M17: 6 | N17: 1.3333333 | O17: 12 | P17: 1.45 | Q17: 20 | R17: =AVERAGE(B17,D17,F17,L17,N17,P17) -> 1.45 | S17: =SUM(C17,E17,G17,M17,O17,Q17) -> 56 | V17: inf | W17: 1.3333333 | X17: 6 | AB17: 1
A18: zero_other | L18: 1 | M18: 1 | N18: 0.66666667 | O18: 3 | R18: =AVERAGE(B18,D18,F18,L18,N18,P18) -> 0.83333333 | S18: =SUM(C18,E18,G18,M18,O18,Q18) -> 4 | V18: main | W18: 0.85714286 | X18: 42 | AB18: 1.3
A19: zero_recoverable | D19: 1 | E19: 1 | F19: 0.5 | G19: 2 | L19: 1 | M19: 1 | N19: 0.33333333 | O19: 3 | P19: 1 | Q19: 4 | R19: =AVERAGE(B19,D19,F19,L19,N19,P19) -> 0.76666667 | S19: =SUM(C19,E19,G19,M19,O19,Q19) -> 11 | V19: nominalised | W19: 1 | X19: 2 | AB19: 0.9
A20: zero_uncertain | P20: 1 | Q20: 1 | R20: =AVERAGE(B20,D20,F20,L20,N20,P20) -> 1 | S20: =SUM(C20,E20,G20,M20,O20,Q20) -> 1 | V20: none | W20: 0 | X20: 1 | AB20: 1
A21: Grand Total | B21: =AVERAGE(B17:B20) -> 1.6666667 | C21: =SUM(C17:C20) -> 3 | D21: =AVERAGE(D17:D20) -> 1.25 | E21: =SUM(E17:E20) -> 5 | F21: =AVERAGE(F17:F20) -> 0.95833333 | G21: =SUM(G17:G20) -> 13 | H21: 0 | I21: =SUM(I17:I20) -> 0 | J21: 0 | K21: =SUM(K17:K20) -> 0 | L21: =AVERAGE(L17:L20) -> 1.1111111 | M21: =SUM(M17:M20) -> 8 | N21: =AVERAGE(N17:N20) -> 0.77777778 | O21: =SUM(O17:O19) -> 18 | P21: =AVERAGE(P17:P20) -> 1.15 | Q21: =SUM(Q17:Q20) -> 25 | R21: =AVERAGE(B21,D21,F21,L21,N21,P21) -> 1.1523148 | S21: =SUM(C21,E21,G21,M21,O21,Q21) -> 72 | V21: relative | W21: 0.86363636 | X21: 22 | AB21: 0.9
V22: subordinate | W22: 0.87804878 | X22: 41 | AB22: 0.9
V23: te | W23: 1.25 | X23: 32 | AB23: 1.3
AB24: =AVERAGE(AB17:AB23) -> 1.0428571
B25: Subject_Class | C25: Values | V25: Grand Total | W25: =AVERAGE(W16:W23) -> 0.89777017 | X25: =SUM(X16:X23) -> 154
B26: overt | D26: zero_exalt | F26: zero_other | H26: zero_recoverable | J26: zero_uncertain | L26: Total Count of HeikeCh2 | M26: Total Count of HeikeCh2_2
A27: Is_First_ChainClause | B27: Count of HeikeCh2 | C27: Count of HeikeCh2_2 | D27: Count of HeikeCh2 | E27: Count of HeikeCh2_2 | F27: Count of HeikeCh2 | G27: Count of HeikeCh2_2 | H27: Count of HeikeCh2 | I27: Count of HeikeCh2_2 | J27: Count of HeikeCh2 | K27: Count of HeikeCh2_2
A28: 0 | B28: 0.416 | C28: 52 | D28: 0.184 | E28: 23 | F28: 0.048 | G28: 6 | H28: 0.336 | I28: 42 | J28: 0.016 | K28: 2 | L28: 1 | M28: 125
A29: 1 | B29: 0.60714286 | C29: 17 | D29: 0.17857143 | E29: 5 | F29: 0.035714286 | G29: 1 | H29: 0.14285714 | I29: 4 | J29: 0.035714286 | K29: 1 | L29: 1 | M29: 28
A30: Grand Total | B30: 0.45098039 | C30: 69 | D30: 0.18300654 | E30: 28 | F30: 0.045751634 | G30: 7 | H30: 0.30065359 | I30: 46 | J30: 0.019607843 | K30: 3 | L30: 1 | M30: 153
A31: Count of HeikeCh2 | B31: Object_Class
A32: Is_First_ChainClause | B32: overt | C32: zero_other | D32: zero_recoverable | E32: zero_uncertain | F32: Grand Total
A33: 0 | B33: 45 | C33: 3 | D33: 10 | E33: 1 | F33: 59
A34: 1 | B34: 11 | C34: 1 | D34: 1 | F34: 13
A35: Grand Total | B35: 56 | C35: 4 | D35: 11 | E35: 1 | F35: 72
A38: Is_First_ChainClause | B38: Yes | C38: No | E38: Is_First_ChainClause | F38: Yes | G38: No
A39: Sub | B39: =GETPIVOTDATA("HeikeCh2",$A$25,"Subject_Class","overt","Is_First_ChainClause",1)/GETPIVOTDATA("HeikeCh2",$A$25,"Is_First_ChainClause",1) -> 0.60714286 | C39: =GETPIVOTDATA("HeikeCh2",$A$25,"Subject_Class","overt","Is_First_ChainClause",0)/GETPIVOTDATA("HeikeCh2",$A$25,"Is_First_ChainClause",0) -> 0.416 | E39: Sub | F39: 61% (17) | G39: 42% (52)
A40: Obj | B40: =GETPIVOTDATA("HeikeCh2",$A$31,"Object_Class","overt","Is_First_ChainClause",1)/GETPIVOTDATA("HeikeCh2",$A$31,"Is_First_ChainClause",1) -> 0.84615385 | C40: =GETPIVOTDATA("HeikeCh2",$A$31,"Object_Class","overt","Is_First_ChainClause",0)/GETPIVOTDATA("HeikeCh2",$A$31,"Is_First_ChainClause",0) -> 0.76271186 | E40: Obj | F40: 85% (11) | G40: 76% (45)
A42: 1.3 RD and Switch Reference
A44: Next_Switch_Ref | B44: (Multiple Items) | F44: Next_Switch_Ref | G44: ss | K44: Next_Switch_Ref | L44: ds
A46: Count of HeikeCh2 | B46: Is_First_ChainClause | F46: Count of HeikeCh2 | G46: Is_First_ChainClause | K46: Count of HeikeCh2 | L46: Is_First_ChainClause
A47: Drop_Subject (overt → zero in next clause) | B47: 0 | C47: 1 | D47: Grand Total | F47: Drop_Subject (overt → zero in next clause) | G47: 0 | H47: 1 | I47: Grand Total | K47: Drop_Subject (overt → zero in next clause) | L47: 0 | M47: 1 | N47: Grand Total
A48: 0 | B48: 95 | C48: 20 | D48: 115 | F48: 0 | G48: 49 | H48: 5 | I48: 54 | K48: 0 | L48: 46 | M48: 15 | N48: 61
A49: 1 | B49: 27 | C49: 8 | D49: 35 | F49: 1 | G49: 14 | H49: 6 | I49: 20 | K49: 1 | L49: 13 | M49: 2 | N49: 15
A50: Grand Total | B50: 122 | C50: 28 | D50: 150 | F50: Grand Total | G50: 63 | H50: 11 | I50: 74 | K50: Grand Total | L50: 59 | M50: 17 | N50: 76
A54: Next_Switch_Ref | B54: ds
B56: Next_Subject_Classt | C56: Values
B57: overt | D57: zero_exalt | F57: zero_other | H57: zero_recoverable | J57: zero_uncertain | L57: Total Count of HeikeCh2 | M57: Total Count of HeikeCh2_2
A58: Is_First_ChainClause | B58: Count of HeikeCh2 | C58: Count of HeikeCh2_2 | D58: Count of HeikeCh2 | E58: Count of HeikeCh2_2 | F58: Count of HeikeCh2 | G58: Count of HeikeCh2_2 | H58: Count of HeikeCh2 | I58: Count of HeikeCh2_2 | J58: Count of HeikeCh2 | K58: Count of HeikeCh2_2
A59: 0 | B59: 0.6779661 | C59: 40 | D59: 0.11864407 | E59: 7 | F59: 0.016949153 | G59: 1 | H59: 0.13559322 | I59: 8 | J59: 0.050847458 | K59: 3 | L59: 1 | M59: 59
A60: 1 | B60: 0.82352941 | C60: 14 | D60: 0.17647059 | E60: 3 | F60: 0 | H60: 0 | J60: 0 | L60: 1 | M60: 17
A61: Grand Total | B61: 0.71052632 | C61: 54 | D61: 0.13157895 | E61: 10 | F61: 0.013157895 | G61: 1 | H61: 0.10526316 | I61: 8 | J61: 0.039473684 | K61: 3 | L61: 1 | M61: 76
A65: Next_Switch_Ref | B65: ds
N66: 1 | O66: Grand Total
B67: Values | C67: V-ARG-Ø-ARG | N67: 0.82352941 | O67: 0.71052632
B68: Count of HeikeCh2 | D68: Count of HeikeCh2_2 | F68: Total Count of HeikeCh2 | G68: Total Count of HeikeCh2_2 | N68: 14 | O68: 54
A69: Is_First_ChainClause | B69: 0 | C69: 1 | D69: 0 | E69: 1 | N69: 0.17647059 | O69: 0.13157895
A70: 0 | B70: 0.78947368 | C70: 0.21052632 | D70: 45 | E70: 12 | F70: 1 | G70: 57 | N70: 3 | O70: 10
A71: 1 | B71: 0.76470588 | C71: 0.23529412 | D71: 13 | E71: 4 | F71: 1 | G71: 17 | N71: 0 | O71: 0.013157895
A72: Grand Total | B72: 0.78378378 | C72: 0.21621622 | D72: 58 | E72: 16 | F72: 1 | G72: 74 | O72: 1
L73: zero_recoverable | M73: 0.13559322 | N73: 0 | O73: 0.10526316
M74: 8 | O74: 8
L75: zero_uncertain | M75: 0.050847458 | N75: 0 | O75: 0.039473684
M76: 3 | O76: 3
L77: Total Count of HeikeCh2 | M77: 1 | N77: 1 | O77: 1
L78: Total Count of HeikeCh2_2 | M78: 59 | N78: 17 | O78: 76

Sheet Exaltation vs pro-drop
A2: A. Exaltation vs Pro-drop
B3: Next_Switch_Ref | C3: Values
B4: ds | D4: ss | F4: Total Count of HeikeCh2 | G4: Total Count of HeikeCh2_2
A5: V-ARG-Ø-ARG | B5: Count of HeikeCh2 | C5: Count of HeikeCh2_2 | D5: Count of HeikeCh2 | E5: Count of HeikeCh2_2
A6: 0 | B6: 0.5 | C6: 58 | D6: 0.5 | E6: 58 | F6: 1 | G6: 116
A7: 1 | B7: 0.51612903 | C7: 16 | D7: 0.48387097 | E7: 15 | F7: 1 | G7: 31
A8: Grand Total | B8: 0.50340136 | C8: 74 | D8: 0.49659864 | E8: 73 | F8: 1 | G8: 147
A10: Next_Switch_Ref | B10: ss
B12: Drop_Subject (overt → zero in next clause) | C12: Values
B13: 0 | D13: 1 | F13: Total Count of HeikeCh2 | G13: Total Count of HeikeCh2_2
A14: V-ARG-Ø-ARG | B14: Count of HeikeCh2 | C14: Count of HeikeCh2_2 | D14: Count of HeikeCh2 | E14: Count of HeikeCh2_2
A15: 0 | B15: 0.65517241 | C15: 38 | D15: 0.34482759 | E15: 20 | F15: 1 | G15: 58
A16: 1 | B16: 1 | C16: 15 | D16: 0 | F16: 1 | G16: 15
A17: Grand Total | B17: 0.7260274 | C17: 53 | D17: 0.2739726 | E17: 20 | F17: 1 | G17: 73
A20: Next_Switch_Ref | B20: ss
B22: Values | C22: Next_Subject_Classt
B23: Count of HeikeCh2 | F23: Count of HeikeCh2_2 | J23: Total Count of HeikeCh2 | K23: Total Count of HeikeCh2_2
A24: V-ARG-Ø-ARG | B24: overt | C24: zero_exalt | D24: zero_other | E24: zero_recoverable | F24: overt | G24: zero_exalt | H24: zero_other | I24: zero_recoverable
A25: 0 | B25: 0.15517241 | C25: 0.24137931 | D25: 0.068965517 | E25: 0.53448276 | F25: 9 | G25: 14 | H25: 4 | I25: 31 | J25: 1 | K25: 58
A26: 1 | B26: 0.26666667 | C26: 0.26666667 | D26: 0.066666667 | E26: 0.4 | F26: 4 | G26: 4 | H26: 1 | I26: 6 | J26: 1 | K26: 15
A27: Grand Total | B27: 0.17808219 | C27: 0.24657534 | D27: 0.068493151 | E27: 0.50684932 | F27: 13 | G27: 18 | H27: 5 | I27: 37 | J27: 1 | K27: 73
A30: B. Discourse-status conditioning beyond Topic_Status
B32: Information_Status | C32: Values
B33: all given | D33: contains_new | F33: no_overt_NP | H33: Total Count of HeikeCh2 | I33: Total Count of HeikeCh2_2
A34: V-ARG-Ø-ARG | B34: Count of HeikeCh2 | C34: Count of HeikeCh2_2 | D34: Count of HeikeCh2 | E34: Count of HeikeCh2_2 | F34: Count of HeikeCh2 | G34: Count of HeikeCh2_2
A35: 0 | B35: 0.06504065 | C35: 8 | D35: 0.80487805 | E35: 99 | F35: 0.1300813 | G35: 16 | H35: 1 | I35: 123
A36: 1 | B36: 0.032258065 | C36: 1 | D36: 0.5483871 | E36: 17 | F36: 0.41935484 | G36: 13 | H36: 1 | I36: 31
A37: Grand Total | B37: 0.058441558 | C37: 9 | D37: 0.75324675 | E37: 116 | F37: 0.18831169 | G37: 29 | H37: 1 | I37: 154
B40: Information_Status | C40: Values
B41: all given | D41: contains_new | F41: no_overt_NP | H41: Total Count of HeikeCh2 | I41: Total Sum of V-ARG-Ø-ARG
A42: Topic_Status | B42: Count of HeikeCh2 | C42: Sum of V-ARG-Ø-ARG | D42: Count of HeikeCh2 | E42: Sum of V-ARG-Ø-ARG | F42: Count of HeikeCh2 | G42: Sum of V-ARG-Ø-ARG
A43: topic-continued | B43: 4 | C43: 1 | D43: 6 | E43: 0 | F43: 1 | G43: 0 | H43: 11 | I43: 1
A44: topic-drop | B44: 4 | C44: 0 | D44: 78 | E44: 15 | F44: 28 | G44: 13 | H44: 110 | I44: 28
A45: topic-introduced | D45: 11 | E45: 1 | H45: 11 | I45: 1
A46: topic-shift | B46: 1 | C46: 0 | D46: 21 | E46: 2 | H46: 22 | I46: 2
A47: Grand Total | B47: 9 | C47: 1 | D47: 116 | E47: 18 | F47: 29 | G47: 13 | H47: 154 | I47: 32
A48: C. Is the exaltation effect construction-driven?
A50: Topic_Status | B50: (All)
B52: V-ARG-Ø-ARG | C52: Values
B53: 0 | D53: 1 | F53: Total Count of HeikeCh2 | G53: Total Count of HeikeCh2_2
A54: Clause_Type | B54: Count of HeikeCh2 | C54: Count of HeikeCh2_2 | D54: Count of HeikeCh2 | E54: Count of HeikeCh2_2
A55: main | B55: 0.76190476 | C55: 32 | D55: 0.23809524 | E55: 10 | F55: 1 | G55: 42
A56: subordinate | B56: 0.7804878 | C56: 32 | D56: 0.2195122 | E56: 9 | F56: 1 | G56: 41
A57: te | B57: 0.78125 | C57: 25 | D57: 0.21875 | E57: 7 | F57: 1 | G57: 32
A58: relative | B58: 0.90909091 | C58: 20 | D58: 0.090909091 | E58: 2 | F58: 1 | G58: 22
A59: complement | B59: 0.75 | C59: 6 | D59: 0.25 | E59: 2 | F59: 1 | G59: 8
A60: inf | B60: 0.83333333 | C60: 5 | D60: 0.16666667 | E60: 1 | F60: 1 | G60: 6
A61: nominalised | B61: 1 | C61: 2 | D61: 0 | F61: 1 | G61: 2
A62: Grand Total | B62: 0.79738562 | C62: 122 | D62: 0.20261438 | E62: 31 | F62: 1 | G62: 153
B64: V-ARG-Ø-ARG | C64: Values
B65: 0 | D65: 1 | F65: Total Count of HeikeCh2 | G65: Total Count of HeikeCh2_2
A66: Connective_Type | B66: Count of HeikeCh2 | C66: Count of HeikeCh2_2 | D66: Count of HeikeCh2 | E66: Count of HeikeCh2_2
A67: purpose | B67: 1 | C67: 3 | D67: 0 | F67: 1 | G67: 3
A68: conditional | B68: 1 | C68: 2 | D68: 0 | F68: 1 | G68: 2
A69: main | B69: 0.5 | C69: 1 | D69: 0.5 | E69: 1 | F69: 1 | G69: 2
A70: causal | B70: 0.85714286 | C70: 6 | D70: 0.14285714 | E70: 1 | F70: 1 | G70: 7
A71: quotative | B71: 0.85714286 | C71: 6 | D71: 0.14285714 | E71: 1 | F71: 1 | G71: 7
A72: conjunctive | B72: 0.66666667 | C72: 2 | D72: 0.33333333 | E72: 1 | F72: 1 | G72: 3
A73: concessive | B73: 0.75 | C73: 6 | D73: 0.25 | E73: 2 | F73: 1 | G73: 8
A74: sequential | B74: 0.81818182 | C74: 18 | D74: 0.18181818 | E74: 4 | F74: 1 | G74: 22
A75: temporal | B75: 0.71428571 | C75: 10 | D75: 0.28571429 | E75: 4 | F75: 1 | G75: 14
A76: none | B76: 0.80232558 | C76: 69 | D76: 0.19767442 | E76: 17 | F76: 1 | G76: 86
A77: Grand Total | B77: 0.7987013 | C77: 123 | D77: 0.2012987 | E77: 31 | F77: 1 | G77: 154
A78: D. Morphology and targeting
B80: V-ARG-Ø-ARG | C80: Values
B81: 0 | D81: 1 | F81: Total Count of HeikeCh2 | G81: Total Count of HeikeCh2_2
A82: Exaltation_Form_Type | B82: Count of HeikeCh2 | C82: Count of HeikeCh2_2 | D82: Count of HeikeCh2 | E82: Count of HeikeCh2_2
A83: honorific prefix | B83: 1 | C83: 1 | D83: 0 | F83: 1 | G83: 1
A84: honorific_aux | B84: 0.5 | C84: 7 | D84: 0.5 | E84: 7 | F84: 1 | G84: 14
A85: honorific_aux+lexical_honorific_verb | B85: 0.66666667 | C85: 2 | D85: 0.33333333 | E85: 1 | F85: 1 | G85: 3
A86: honorific_aux+lexical_humble_verb | B86: 0.33333333 | C86: 1 | D86: 0.66666667 | E86: 2 | F86: 1 | G86: 3
A87: lexical honorific+honorific aux | B87: 0 | D87: 1 | E87: 1 | F87: 1 | G87: 1
A88: lexical_honorific_verb | B88: 0.15384615 | C88: 2 | D88: 0.84615385 | E88: 11 | F88: 1 | G88: 13
A89: lexical_humble_verb | B89: 0.42857143 | C89: 6 | D89: 0.57142857 | E89: 8 | F89: 1 | G89: 14
A90: nominal_prefix | B90: 1 | C90: 2 | D90: 0 | F90: 1 | G90: 2
A91: polite_aux | B91: 0.66666667 | C91: 2 | D91: 0.33333333 | E91: 1 | F91: 1 | G91: 3
A92: Grand Total | B92: 0.42592593 | C92: 23 | D92: 0.57407407 | E92: 31 | F92: 1 | G92: 54
B96: V-ARG-Ø-ARG | C96: Values
B97: 0 | D97: 1 | F97: Total Count of HeikeCh2 | G97: Total Count of HeikeCh2_2
A98: Exaltation_Referential_Target | B98: Count of HeikeCh2 | C98: Count of HeikeCh2_2 | D98: Count of HeikeCh2 | E98: Count of HeikeCh2_2
A99: io | B99: 0 | D99: 1 | E99: 1 | F99: 1 | G99: 1
A100: obj | B100: 1 | C100: 2 | D100: 0 | F100: 1 | G100: 2
A101: sub | B101: 0.33333333 | C101: 15 | D101: 0.66666667 | E101: 30 | F101: 1 | G101: 45
A102: Grand Total | B102: 0.35416667 | C102: 17 | D102: 0.64583333 | E102: 31 | F102: 1 | G102: 48

Sheet LVC vs RD
A1: 1. Mechanism check: does LVC correlate with more zero arguments?
Q2: LVC | R2: Average of RD2 | Y2: LVC vs transitivity (contrary to my expectations)
A3: Next_Switch_Ref | B3: ds | C3: 1a. LVC × Subject_Class (transitives only) | Q3: LVC | R3: 0.82352941 | Y3: Count of Clause_ID | Z3: LVC
Q4: non-LVC | R4: 0.98540146 | Y4: Predicate_Transitivity | Z4: LVC | AA4: non-LVC | AB4: Grand Total
B5: Next_Subject_Classt | C5: Values | Q5: Grand Total | R5: 0.96753247 | Y5: intransitive | Z5: 7 | AA5: 79 | AB5: 86
B6: overt | D6: zero_exalt | F6: zero_other | H6: zero_recoverable | J6: zero_uncertain | L6: Total Count of HeikeCh2 | M6: Total Count of HeikeCh2_2 | Y6: transitive | Z6: 9 | AA6: 56 | AB6: 65
A7: Is_First_ChainClause | B7: Count of HeikeCh2 | C7: Count of HeikeCh2_2 | D7: Count of HeikeCh2 | E7: Count of HeikeCh2_2 | F7: Count of HeikeCh2 | G7: Count of HeikeCh2_2 | H7: Count of HeikeCh2 | I7: Count of HeikeCh2_2 | J7: Count of HeikeCh2 | K7: Count of HeikeCh2_2 | Y7: Grand Total | Z7: 16 | AA7: 135 | AB7: 151
A8: 0 | B8: 0.6779661 | C8: 40 | D8: 0.11864407 | E8: 7 | F8: 0.016949153 | G8: 1 | H8: 0.13559322 | I8: 8 | J8: 0.050847458 | K8: 3 | L8: 1 | M8: 59
A9: 1 | B9: 0.82352941 | C9: 14 | D9: 0.17647059 | E9: 3 | F9: 0 | H9: 0 | J9: 0 | L9: 1 | M9: 17 | Y9: Count of Clause_ID | Z9: LVC
A10: Grand Total | B10: 0.71052632 | C10: 54 | D10: 0.13157895 | E10: 10 | F10: 0.013157895 | G10: 1 | H10: 0.10526316 | I10: 8 | J10: 0.039473684 | K10: 3 | L10: 1 | M10: 76 | Y10: Predicate_Transitivity | Z10: LVC | AA10: non-LVC | AB10: Grand Total
Y11: intransitive | Z11: 4 | AA11: 79 | AB11: 86
Y12: transitive | Z12: 12 | AA12: 56 | AB12: 65
Y13: Grand Total | Z13: 16 | AA13: 135 | AB13: 151
A14: Next_Switch_Ref | B14: ds | C14: 1b. LVC × Object_Class (transitives only; object-position available) | J14: Predicate_Transitivity | K14: transitive
B16: Values | C16: V-ARG-Ø-ARG | K16: Subject_Class | L16: Values
B17: Count of HeikeCh2 | D17: Count of HeikeCh2_2 | F17: Total Count of HeikeCh2 | G17: Total Count of HeikeCh2_2 | K17: overt | M17: zero_exalt | O17: zero_other | Q17: zero_recoverable | S17: Total Count of Clause_ID | T17: Total Count of Clause_ID2
A18: Is_First_ChainClause | B18: 0 | C18: 1 | D18: 0 | E18: 1 | J18: LVC | K18: Count of Clause_ID | L18: Count of Clause_ID2 | M18: Count of Clause_ID | N18: Count of Clause_ID2 | O18: Count of Clause_ID | P18: Count of Clause_ID2 | Q18: Count of Clause_ID | R18: Count of Clause_ID2
A19: 0 | B19: 0.78947368 | C19: 0.21052632 | D19: 45 | E19: 12 | F19: 1 | G19: 57 | J19: LVC | K19: 0 | M19: 0.33333333 | N19: 3 | O19: 0 | Q19: 0.66666667 | R19: 6 | S19: 1 | T19: 9
A20: 1 | B20: 0.76470588 | C20: 0.23529412 | D20: 13 | E20: 4 | F20: 1 | G20: 17 | J20: non-LVC | K20: 0.41071429 | L20: 23 | M20: 0.21428571 | N20: 12 | O20: 0.071428571 | P20: 4 | Q20: 0.30357143 | R20: 17 | S20: 1 | T20: 56
A21: Grand Total | B21: 0.78378378 | C21: 0.21621622 | D21: 58 | E21: 16 | F21: 1 | G21: 74 | J21: Grand Total | K21: 0.35384615 | L21: 23 | M21: 0.23076923 | N21: 15 | O21: 0.061538462 | P21: 4 | Q21: 0.35384615 | R21: 23 | S21: 1 | T21: 65
A23: 2. Clause-type check: are LVCs concentrated in te / subordinate environments? | J23: Predicate_Transitivity | K23: transitive
B25: LVC | C25: Values | K25: Values | L25: Object_Class
B26: LVC | D26: non-LVC | F26: Total Count of Clause_ID | G26: Total Count of Clause_ID2 | K26: Count of Clause_ID | O26: Count of Clause_ID2 | S26: Total Count of Clause_ID | T26: Total Count of Clause_ID2
A27: Clause_Type | B27: Count of Clause_ID | C27: Count of Clause_ID2 | D27: Count of Clause_ID | E27: Count of Clause_ID2 | J27: LVC | K27: n/a | L27: overt | M27: zero_other | N27: zero_recoverable | O27: n/a | P27: overt | Q27: zero_other | R27: zero_recoverable
A28: complement | B28: 0.058823529 | C28: 1 | D28: 0.051470588 | E28: 7 | F28: 0.052287582 | G28: 8 | J28: LVC | K28: 0 | L28: 0.88888889 | M28: 0 | N28: 0.11111111 | P28: 8 | R28: 1 | S28: 1 | T28: 9
A29: inf | B29: 0.11764706 | C29: 2 | D29: 0.029411765 | E29: 4 | F29: 0.039215686 | G29: 6 | J29: non-LVC | K29: 0.017857143 | L29: 0.76785714 | M29: 0.071428571 | N29: 0.14285714 | O29: 1 | P29: 43 | Q29: 4 | R29: 8 | S29: 1 | T29: 56
A30: main | B30: 0.17647059 | C30: 3 | D30: 0.28676471 | E30: 39 | F30: 0.2745098 | G30: 42 | J30: Grand Total | K30: 0.015384615 | L30: 0.78461538 | M30: 0.061538462 | N30: 0.13846154 | O30: 1 | P30: 51 | Q30: 4 | R30: 9 | S30: 1 | T30: 65
A31: nominalised | B31: 0 | D31: 0.014705882 | E31: 2 | F31: 0.013071895 | G31: 2
A32: relative | B32: 0.23529412 | C32: 4 | D32: 0.13235294 | E32: 18 | F32: 0.14379085 | G32: 22
A33: subordinate | B33: 0.11764706 | C33: 2 | D33: 0.28676471 | E33: 39 | F33: 0.26797386 | G33: 41
A34: te | B34: 0.29411765 | C34: 5 | D34: 0.19852941 | E34: 27 | F34: 0.20915033 | G34: 32
A35: Grand Total | B35: 1 | C35: 17 | D35: 1 | E35: 136 | F35: 1 | G35: 153
A38: 3) LVC and chain position (chain-initial vs non-initial)
B40: LVC | C40: Values
B41: LVC | D41: non-LVC | F41: Total Count of HeikeCh2 | G41: Total Count of HeikeCh2_2
A42: Is_First_ChainClause | B42: Count of HeikeCh2 | C42: Count of HeikeCh2_2 | D42: Count of HeikeCh2 | E42: Count of HeikeCh2_2
A43: 0 | B43: 0.77777778 | C43: 14 | D43: 0.82733813 | E43: 115 | F43: 0.82165605 | G43: 129
A44: 1 | B44: 0.22222222 | C44: 4 | D44: 0.17266187 | E44: 24 | F44: 0.17834395 | G44: 28
A45: Grand Total | B45: 1 | C45: 18 | D45: 1 | E45: 139 | F45: 1 | G45: 157

Sheet Other
B3: Isopo | F3: Heike Chapter 2
B4: =Isopo!B103 -> RD2 | C4: =Isopo!C103 -> 0.8989899 | D4: =Isopo!D103 -> ACT-ARG/~Ø-Verbal | F4: ='Heike Chapter 2'!A163 -> RD2 | G4: ='Heike Chapter 2'!B163 -> 0.97402597 | H4: ='Heike Chapter 2'!C163 -> ACT-ARG/~Ø-Verbal
B5: =Isopo!B104 -> RD2+ | C5: =Isopo!C104 -> 1 | D5: =Isopo!D104 -> (ACT-ARG+V-ARG-Ø-ARG)/~Ø-Verbal | F5: ='Heike Chapter 2'!A164 -> RD2+ | G5: ='Heike Chapter 2'!B164 -> 1.1818182 | H5: ='Heike Chapter 2'!C164 -> (ACT-ARG+V-ARG-Ø-ARG)/~Ø-Verbal
B6: =Isopo!B105 -> RD2++ | C6: =Isopo!C105 -> 0.93939394 | D6: =Isopo!D105 -> (ACT-ARG+GAP-ACT-ARG)/~Ø-Verbal | F6: ='Heike Chapter 2'!A165 -> RD2++ | G6: ='Heike Chapter 2'!B165 -> 1.0194805 | H6: ='Heike Chapter 2'!C165 -> (ACT-ARG+GAP-ACT-ARG)/~Ø-Verbal
B7: =Isopo!B106 -> RD2+++ | C7: =Isopo!C106 -> 1.040404 | D7: =Isopo!D106 -> (ACT-ARG+V-ARG-Ø-ARG+GAP-ACT-ARG)/~Ø-Verbal | F7: ='Heike Chapter 2'!A166 -> RD2+++ | G7: ='Heike Chapter 2'!B166 -> 1.2272727 | H7: ='Heike Chapter 2'!C166 -> (ACT-ARG+V-ARG-Ø-ARG+GAP-ACT-ARG)/~Ø-Verbal
B8: =Isopo!B107 -> RD2- | C8: =Isopo!C107 -> 0.1010101 | D8: =Isopo!D107 -> V-ARG-Ø-ARG/~Ø-Verbal | F8: ='Heike Chapter 2'!A167 -> RD2- | G8: ='Heike Chapter 2'!B167 -> 0.20779221 | H8: ='Heike Chapter 2'!C167 -> V-ARG-Ø-ARG/~Ø-Verbal
B14: LVC and RD correlation
B16: Esopo
B17: Predicate | C17: Predicate Type | D17: ~Ø-Verbal | E17: ACT-ARG | F17: NON-ARG | G17: V-ARG-Ø-ARG | H17: EXALT INSIG | I17: GAP-NON-ARG | J17: GAP-ACT-ARG
B18: xôzuredomo | C18: VN-C (bare) | D18: 1 | E18: 0 | F18: 1 | G18: 0 | H18: 0 | I18: 0 | J18: 0
B19: dancŏ xite | C19: VN-C (bare) | D19: 1 | E19: 0 | F19: 1 | G19: 0 | H19: 0 | I19: 0 | J19: 0
B20: Sate xocuxi vouatte | C20: VN-C (bare) | D20: 1 | E20: 0 | F20: 0 | G20: 0 | H20: 0 | I20: 0 | J20: 0
B21: mefajiqi xite | C21: VN-J (bare) | D21: 1 | E21: 0 | F21: 0 | G21: 0 | H21: 0 | I21: 0 | J21: 0
B22: xŏquan xôto | C22: VN-C (bare) | D22: 1 | E22: 1 | F22: 0 | G22: 0 | H22: 0 | I22: 0 | J22: 1
B23: xitaredomo | C23: VN-C (TOP) | D23: 1 | E23: 0 | F23: 0 | G23: 0 | H23: 0 | I23: 0 | J23: 0
B24: chŏchacu xei | C24: VN-C (bare) | D24: 1 | E24: 1 | F24: 0 | G24: 0 | H24: 0 | I24: 0 | J24: 0
B25: chŏchacu xôto ſuru | C25: VN-C (bare) | D25: 1 | E25: 0 | F25: 0 | G25: 0 | H25: 0 | I25: 0 | J25: 0
B26: Total | D26: =SUM(D18:D25) -> 8 | E26: =SUM(E18:E25) -> 2 | F26: =SUM(F18:F25) -> 2 | G26: =SUM(G18:G25) -> 0 | H26: =SUM(H18:H25) -> 0 | I26: =SUM(I18:I25) -> 0 | J26: =SUM(J18:J25) -> 1
B27: RD2++= | C27: =(E26+J26)/D26 -> 0.375
B28: RD2= | C28: =E26/D26 -> 0.25
B29: Tosa
B30: Predicate | C30: Predicate Type | D30: ~Ø-Verbal | E30: ACT-ARG | F30: NON-ARG | G30: V-ARG-Ø-ARG | H30: EXALT INSIG | I30: GAP-NON-ARG | J30: GAP-ACT-ARG
B31: VN-J (REL) | C31: VN-J (REL) | D31: 1 | E31: 1 | F31: 1 | G31: 0 | H31: 0 | I31: 0 | J31: 0
B32: VN-J (ACC) | C32: VN-J (ACC) | D32: 1 | E32: 2 | F32: 0 | G32: 0 | H32: 0 | I32: 0 | J32: 0
B33: VN-J (bare) | C33: VN-J (bare) | D33: 1 | E33: 0 | F33: 1 | G33: 0 | H33: 0 | I33: 0 | J33: 0
B34: Vinf+su | C34: Vinf+su | D34: 1 | E34: 0 | F34: 0 | G34: 0 | H34: 0 | I34: 0 | J34: 0
B35: VN-J (bare) | C35: VN-J (bare) | D35: 1 | E35: 0 | F35: 0 | G35: 0 | H35: 0 | I35: 0 | J35: 0
B36: Total | D36: =SUM(D31:D35) -> 5 | E36: =SUM(E31:E35) -> 3 | F36: =SUM(F31:F35) -> 2 | G36: =SUM(G31:G35) -> 0 | H36: =SUM(H31:H35) -> 0 | I36: =SUM(I31:I35) -> 0 | J36: =SUM(J31:J35) -> 0
B37: RD2++= | C37: =(E36+J36)/D36 -> 0.6
B38: RD2= | C38: =E36/D36 -> 0.6
B39: GM
B40: Predicate | C40: Predicate Type | D40: ~Ø-Verbal | E40: ACT-ARG | F40: NON-ARG | G40: V-ARG-Ø-ARG | H40: EXALT INSIG | I40: GAP-NON-ARG | J40: GAP-ACT-ARG
B41: gu shi | C41: VN-C (bare) | D41: 1 | E41: 1 | F41: 1 | G41: 0 | H41: 0 | I41: 0 | J41: 0
B42: go-ran-suru | C42: VN-C (bare) | D42: 1 | E42: 0 | F42: 0 | G42: 0 | H42: 1 | I42: 0 | J42: 0
B43: shi tamau beki | C43: VN-J (bare) | D43: 1 | E43: 1 | F43: 0 | G43: 0 | H43: 1 | I43: 0 | J43: 1
B44: mie shi | C44: Vinf + su | D44: 1 | E44: 1 | F44: 0 | G44: 0 | H44: 0 | I44: 0 | J44: 0
B45: monoomoi o zo shi tamau | C45: Vinf + su (ACC) | D45: 1 | E45: 1 | F45: 0 | G45: 0 | H45: 1 | I45: 0 | J45: 0
B46: shi tsutsu | C46: VN-J (ACC) | D46: 1 | E46: 1 | F46: 2 | G46: 0 | H46: 0 | I46: 0 | J46: 0
B47: Total | D47: =SUM(D41:D46) -> 6 | E47: =SUM(E41:E46) -> 5 | F47: =SUM(F41:F46) -> 3 | G47: =SUM(G41:G46) -> 0 | H47: =SUM(H41:H46) -> 3 | I47: =SUM(I41:I46) -> 0 | J47: =SUM(J41:J46) -> 1
B48: RD2++= | C48: =(E47+J47)/D47 -> 1
B49: RD2= | C49: =E47/D47 -> 0.83333333
B51: Text | C51: LVC Ratio | D51: RD2 (overall) | E51: RD2 (LVCs only) | F51: RD2 (non-LVCs)
B52: Tosa Nikki | C52: =5/88 -> 0.056818182 | D52: =[1]Tosa!$B$109 -> 0.81818182 | E52: =$C$38 -> 0.6 | F52: =69/83 -> 0.8313253
B53: Genji | C53: =6/100 -> 0.06 | D53: =[1]Genji!$B$103 -> 0.62 | E53: =$C$49 -> 0.83333333 | F53: =57/94 -> 0.60638298
B54: Esopo | C54: =8/99 -> 0.080808081 | D54: =Isopo!$C$103 -> 0.8989899 | E54: =$C$28 -> 0.25 | F54: =87/91 -> 0.95604396
B58: Clause_ID | C58: Clause | D58: Translation | E58: Predicate | F58: Pred_Type | G58: ~Ø-Verbal | H58: ACT-ARG | I58: Arg Type | J58: V-ARG-Ø-ARG | K58: Exaltation_Referential_Target | L58: Exaltation_Form_Type
B59: Heike 2.11 | C59: 忠盛三十六にて初めて昇殿す (Tadamori sanjūroku nite hajimete shōden su) | D59: which Tadamori did for the first time at the age of thirty six. | E59: 昇殿す | F59: LVC | G59: 1 | H59: 1 | I59: SUB | J59: 0 | K59: n/a | L59: n/a
B60: Heike 2.13 | C60: 同じき年の十一月二十三日五節豊の明の節会の夜 (onajiki toshi no jūichigatsu nijūsannichi gosechi Toyo-no-akari no setchie no yo) 忠盛を闇討にせん (Tadamori o yamiuchi ni sen | D60: to assassinate him on the evening of the festival of Go-Sechi Toyo-no-akari-no-setchie, on the 23rd day of the eleventh month of the same year. | E60: 闇討にせん | F60: LVC | G60: 1 | H60: 1 | I60: OBJ | J60: 0 | K60: n/a | L60: n/a
B61: Heike 2.14 | C61: とぞ議せられける (to zo giserarikeru) | D61: they plotted | E61: 議せられける | F61: LVC | G61: 1 | H61: 1 | I61: S (Speech) | J61: 0 | K61: n/a | L61: n/a
B62: Heike 2.21 | C62: 身を全うして (mi o mattō shite) | D62: with all your might | E62: 全うして | F62: LVC | G62: 1 | H62: 1 | I62: OBJ | J62: 0 | K62: none | L62: none
B63: Heike 2.24 | C63: 参内の初めより大なる鞘巻を用意し (sannai no hajime yori ō-naru sayamaki o yōi shi) | D63: Before entering the Court he provided himself with a long dirk | E63: 用意し | F63: LVC | G63: 1 | H63: 1 | I63: OBJ | J63: 0 | K63: n/a | L63: n/a
B64: Heike 2.37 | C64: 貫首以下怪しみをなして (kanshu ika ayashimi o nashite) | D64: Now the Kurando-no-to and others, thinking it strange, | E64: なして | F64: LVC (inf) | G64: 1 | H64: 2 | I64: S+O | J64: 0 | K64: n/a | L64: n/a
B65: Heike 2.44 | C65: 相伝の主備前守殿今夜闇討にせられ給ふべき (sōden no aruji Bizen no kami-dono kon'ya yamiuchi ni serare-tamō beki) | D65: tonight they will try to kill my Lord Bizen-no-kami dono" | E65: 闇討にせられ給ふ | F65: LVC | G65: 1 | H65: 1 | I65: SUB | J65: 0 | K65: sub | L65: lexical_honorific_verb
B66: Heike 2.67 | C66: 紫宸殿の御後にして (Shishinden no o-ato ni shite) | D66: and going behind the Shishinden, | E66: 後にして | F66: LVC (j) | G66: 1 | H66: 0 | I66: n/a | J66: 0 | K66: none | L66: none
B67: Heike 2.105 | C67: それ雄剣を帯して (sore yūken o obi shitei) | D67: that wearing a sword | E67: 帯して | F67: LVC | G67: 1 | H67: 1 | I67: OBJ | J67: 0 | K67: none | L67: none
B68: Heike 2.106 | C68: 公宴に列し kōen ni res shi | D68: coming to a Court entertainment | E68: 列し | F68: LVC | G68: 1 | H68: 1 | I68: IO | J68: 0 | K68: none | L68: none
B69: Heike 2.118 | C69: 事既に重畳せり (koto sudeni chōjō seri) | D69: indeed, one crime piled on another, | E69: 重畳せり | F69: LVC | G69: 1 | H69: 1 | I69: SUB | J69: 0 | K69: none | L69: none
B70: Heike 2.121 | C70: 欠官停任せらるべき (kekkan teinin seraru beki yoshi) | D70: and he be deprived of rank and office, | E70: 停任せらるべき | F70: LVC | G70: 1 | H70: 0 | I70: n/a | J70: 0 | K70: none | L70: none
... B76: Heike 2.150 | C76: 木刀を帯したる | D76: bokutō o tachitaru | E76: 帯したる | F76: LVC | G76: 1 | H76: 1 | I76: OBJ | J76: 0 | K76: none | L76: none
B77: Total | G77: =SUM(G59:G76) -> 18 | H77: =SUM(H59:H76) -> 16 | J77: =SUM(J59:J76) -> 4
B78: RD2-= | C78: =J77/G77 -> 0.22222222 | G78: =18/154 -> 0.11688312
B79: RD2= | C79: =H77/G77 -> 0.88888889
B80: non-LVC RD2 | C80: =132/135 -> 0.97777778
B81: HM Ch2
B82: Syntactic Role | C82: SUB | D82: OBJ | E82: IO | F82: Total
C83: 70 | D83: 57 | E83: 20 | F83: 147
