Workbook

Sheet Tosa
A1: Clause | B1: Translation | C1: Predicate | D1: ~Ø-Verbal | E1: ACT-ARG | F1: NON-ARG | G1: V-ARG-Ø-ARG | H1: GAP-NON-ARG | I1: GAP-ACT-ARG | J1: comments
A2: Otoko mo sunaru | B2: It is generally a man who writes | C2: sunaru | D2: 1 | E2: 1 | F2: 0 | G2: 0 | H2: 0 | I2: 1
A3: nikki to iu mono o, onna mo shite mimu | B3: what is called a Diary, but now a woman will see what she can do. | C3: shitemimu | D3: 1 | E3: 2 | F3: 0 | G3: 0 | H3: 0 | I3: 0
A4: tote suru nari. | B4: NA | C4: surunari | D4: 1 | E4: 0 | F4: 0 | G4: 0 | H4: 0 | I4: 0
A5: Sore no toshi (Jōhei yonen) no shihasu no hatsuka amari ichinichi no, inu no toki ni kadode su. | B5: One year, on the twenty-first day of the twelfth month, a certain personage left home at the Hour of the Dog (8:00 PM). | C5: kadode su | D5: 1 | E5: 0 | F5: 1 | G5: 0 | H5: 0 | I5: 0
A6: Sono yoshi isasaka mono ni kakitsuku. | B6: This was the beginning of this modest record. | C6: kakitsuku | D6: 1 | E6: 1 | F6: 0 | G6: 0 | H6: 0 | I6: 0
A7: Aru hito agata no yonen gonen hatete | B7: He had just completed the usual period of four or five years as Governor of a Province. | C7: hatete | D7: 1 | E7: 1 | F7: 0 | G7: 0 | H7: 0 | I7: 0
A8: rei no koto domo mina shi oete, | B8: Everything had been wound up, documents, | C8: shioete | D8: 1 | E8: 1 | F8: 0 | G8: 0 | H8: 0 | I8: 0
A9: geyu nado torite | B9: &c., had been handed over. | C9: torite | D9: 1 | E9: 1 | F9: 0 | G9: 0 | H9: 0 | I9: 0
A10: sumu | C10: sumu | D10: 1 | E10: 0 | F10: 0 | G10: 0 | H10: 0 | I10: 1
A11: tachi yori idete | B11: He was now about to go down to the place of embarkation. | C11: idete | D11: 1 | E11: 1 | F11: 0 | G11: 0 | H11: 0 | I11: 0
A12: fune ni noru | B12: travel on shipboard. | C12: noru | D12: 1 | E12: 1 | F12: 0 | G12: 0 | H12: 0 | I12: 0
A13: beki tokoro e wataru. | B13: For he was to | C13: wataru | D13: 1 | E13: 1 | F13: 0 | G13: 0 | H13: 0 | I13: 0
A14: Kare kore shiru/shiranu | B14: both friends and strangers | C14: shiru | D14: 1 | E14: 1 | F14: 0 | G14: 0 | H14: 0 | I14: 0 | J14: not sure whether internal heads should be treated the same way as other heads/ kare kore
A15: okuri su | B15: came to see him off. | C15: okuri su | D15: 1 | E15: 0 | F15: 0 | G15: 0 | H15: 0 | I15: 0
A16: Toshigoro yoku kurabeshitsuru | B16: Including many who had served him faithfully during the past years. | C16: kurabeshitsuru | D16: 1 | E16: 0 | F16: 1 | G16: 0 | H16: 0 | I16: 0 | J16: not sure whether internal heads should be treated the same way as other heads
A17: wakaregataku omohite | B17: [These loyal attendants] sorrowed at the thought of losing him | C17: omohite | D17: 1 | E17: 0 | F17: 0 | G17: 0 | H17: 0 | I17: 0 | J17: ?
A18: sono hi shikashika ni tokaku shitsutsu | B18: that day There was endless bustle and confusion | C18: shitsutsu | D18: 1 | E18: 1 | F18: 2 | G18: 0 | H18: 0 | I18: 0
A19: nonoshiru | B19: and so with one thing and another | C19: nonoshiru | D19: 1 | E19: 0 | F19: 0 | G19: 0 | H19: 0 | I19: 0
A20: uchi ni yofukenu. | B20: the night drew on.” | C20: yofukenu | D20: 1 | E20: 0 | F20: 1 | G20: 0 | H20: 0 | I20: 0
A21: Nijūnichi, Izumi no kuni made to tairaka ni negaitatsu. | B21: 22nd day—He prayed for a calm voyage to the Land of Izumi | C21: negaitsutsu | D21: 1 | E21: 0 | F21: 1 | G21: 0 | H21: 0 | I21: 0
A22: Fujiwara no Kotozane funaji naredo | B22: although he was to travel by sea | C22: naredo | D22: 1 | E22: 1 | F22: 0 | G22: 0 | H22: 0 | I22: 0
A23: uma no hanamuke su. | B23: Fujiwara no Tokisanē came to turn his horse's head' | C23: hanamuke su | D23: 1 | E23: 0 | F23: 0 | G23: 0 | H23: 0 | I23: 0
A24: Jōchūge nagara yoihamasugite | B24: Upper, middle, and lower classes all drank too heavily | C24: yoihamasugite | D24: 1 | E24: 1 | F24: 0 | G24: 0 | H24: 0 | I24: 0
A25: ito ayashiku shiho umi no hotori nite azareaeri. | B25: and, wonderful to relate, there they were on the edge of the salt sea itself all useless and incompetent! | C25: azareaeri | D25: 1 | E25: 0 | F25: 1 | G25: 0 | H25: 0 | I25: 0
A26: Nijūsannichi, Yagi no Yasukyō to iu hito ari. | B26: 23 JAN. A certain man, called Yagi no Yasunori | C26: ari | D26: 1 | E26: 1 | F26: 1 | G26: 0 | H26: 0 | I26: 0
A27: Kono hito kuni ni kanarazu shimo iitsukau | B27: of too high rank to have been one of his regular attendants in the Province | C27: iitsukau | D27: 1 | E27: 2 | F27: 0 | G27: 0 | H27: 0 | I27: 0
A28: mono ni mo arazaru nari. | B28: although he was | C28: nari | D28: 1 | E28: 1 | F28: 0 | G28: 0 | H28: 0 | I28: 0
A29: Kore zo tadashiki yō nite uma no hanamuke shitaru. | B29: openly made him a farewell present | C29: shitaru | D29: 1 | E29: 1 | F29: 1 | G29: 0 | H29: 0 | I29: 0
... A53: Yamato uta aruji no mori no yomerikeri: | B53: but the following is the Japanese verse composed by the Governor, as host | C53: yomerikeri | D53: 1 | E53: 2 | F53: 0 | G53: 0 | H53: 0 | I53: 0
A54: "Miyako idete | B54: From the Capital Far I came
A55: kimi ni ahamu | B55: to see my Lord
A56: tokoshimono wo koshikai mo naku | B56: across the sea, 'twas all in vain
A57: wakarenuru kana." | B57: For we now must part again
A58: Kaeru | B58: in reply
A59: mae no mori no yomerikeri: | B59: Whereupon the former Governor' composed this
A60: "Shiratahe no namiji o tōku yukihahite | B60: I, too, traveled far O'er the stormy road of waves White with crested foam
A61: ware ni nibeki wa tare naranaku ni." | B61: Scare, I think, another man Would have faced the risks we ran
A62: Koto hitobito no mo arikere do | B62: There were also verses composed by many others | C62: arikeredo | D62: 1 | E62: 1 | F62: 0 | G62: 0 | H62: 0 | I62: 0
A63: sakashiki mo nakarubeshi. | B63: but they were quite worthless | C63: nakarubeshi | D63: 1 | E63: 0 | F63: 0 | G63: 0 | H63: 0 | I63: 0
A64: To kaku ihite | B64: Having recited these | C64: ihite | D64: 1 | E64: 0 | F64: 1 | G64: 0 | H64: 0 | I64: 0
A65: mae no mori mo ima no mo morotomoni orite, | B65: the late and the present Governors descended together | C65: orite | D65: 1 | E65: 1 | F65: 0 | G65: 0 | H65: 0 | I65: 0
A66: ima no aruji mo mae no mo te torikawashite | B66: the present and the late hosts hand in hand | C66: toriwakashite | D66: 1 | E66: 2 | F66: 0 | G66: 0 | H66: 0 | I66: 0
A67: ehi goto ni kokoro yokenaru | B67: in good fellowship and the best of spirits | C67: yokenaru | D67: 1 | E67: 1 | F67: 1 | G67: 0 | H67: 0 | I67: 0
A68: koto shite idenikeri. | B68: went forth | C68: idenikeri | D68: 1 | E68: 0 | F68: 0 | G68: 0 | H68: 0 | I68: 0
A69: Nijūshichinichi, Urado o sashite | B69: 27th day.—They started from Ōtsu and began to row to Urato | C69: sashite | D69: 1 | E69: 1 | F69: 1 | G69: 0 | H69: 0 | I69: 0
A70: Ōtsu yori kogidzu. | C70: kogidzu | D70: 1 | E70: 1 | F70: 0 | G70: 0 | H70: 0 | I70: 0
A71: Kaku aru uchi ni | B71: NA | C71: aru | D71: 1 | E71: 0 | F71: 0 | G71: 0 | H71: 0 | I71: 0
A72: Kyō nite umaretarishi | B72: who had been born in the Capital | C72: umaretarishi | D72: 1 | E72: 0 | F72: 1 | G72: 0 | H72: 0 | I72: 1
A73: onago koko nite niwaka ni usenishikaba, | B73: His little daughter, had died a short time previously in the Province very suddenly | C73: usenishikaba | D73: 1 | E73: 1 | F73: 1 | G73: 0 | H73: 0 | I73: 0
A74: Kono goro no shuttatsu isogi o miredo | B74: and now, when, as we see he was departing in haste | C74: miredo | D74: 1 | E74: 1 | F74: 0 | G74: 0 | H74: 0 | I74: 0
A75: nanigoto mo e iwazu. | B75: what was he to say | C75: e iwazu | D75: 1 | E75: 1 | F75: 0 | G75: 0 | H75: 0 | I75: 0
A76: Kyō e kaeru | B76: to return with him to the Capital | C76: kaeru | D76: 1 | E76: 1 | F76: 0 | G76: 0 | H76: 0 | I76: 0
A77: ni onago no naki | B77: All his love was changed to grief | C77: naki | D77: 1 | E77: 1 | F77: 0 | G77: 0 | H77: 0 | I77: 0
A78: nomizo kanashibi koiru. | B78: , for he will now have no little daughter | C78: kanashibikoiru | D78: 1 | E78: 1 | F78: 0 | G78: 0 | H78: 0 | I78: 0 | J78: not sure if this is a transitive construction
A79: Aru hitobito mo e taenu. | B79: It was more than most men could bear | C79: e taenu | D79: 1 | E79: 1 | F79: 0 | G79: 0 | H79: 0 | I79: 0
A80: Kono aida ni aru hito no kakite idaseru uta: | B80: but in this case a certain personage' dragged out the following verse | C80: kakite idaseru | D80: 1 | E80: 1 | F80: 0 | G80: 0 | H80: 0 | I80: 1
A81: "Miyako e to omou mo mono no kanashiki wa kaeranu hito no areba narikeri." | B81: Though I now return To my home, the Capital, Sad it is to think One for whom I mourn in vain Never will return again
A82: Mata, aru toki ni wa: | B82: He composed the following also upon the same occasion:
A83: "Aru mono to wasuretsutsu nao naki hito o izura to tou zo kanashikarikeri." | B83: Could I e'er forget What is past, I still should grieve If she were not here; Seeking for her, I should say, 'Where's my little girl today?
A84: To ihikeru | B84: 'Such were his words. | C84: ihikeru | D84: 1 | E84: 0 | F84: 0 | G84: 0 | H84: 0 | I84: 0
A85: ma ni Shika no Saki to iu tokoro ni mori no warakara mata koto hito kore kare sake nani do motte oikite, | B85: At a place named Cape Kago the Governor's brother,8 some strangers and many others with sake and other good things | C85: motte oikite | D85: 1 | E85: 3 | F85: 0 | G85: 0 | H85: 0 | I85: 0
A86: Iso ni ori ite | B86: hurried down to the shore | C86: ori ite | D86: 1 | E86: 1 | F86: 0 | G86: 0 | H86: 0 | I86: 0
A87: wakaregatanaki koto o iu. | B87: to bid a sad farewell | C87: iu | D87: 1 | E87: 1 | F87: 0 | G87: 0 | H87: 0 | I87: 0
A88: Mori no tachi no hitobito no naka ni kono kuru | B88: and all the people from Government House, who had come here | C88: kuru | D88: 1 | E88: 1 | F88: 1 | G88: 0 | H88: 0 | I88: 1
A89: hitobito zo kokoro aru | B89: in the kindness of their hearts | C89: aru | D89: 1 | E89: 2 | F89: 0 | G89: 0 | H89: 0 | I89: 0
A90: yō ni wa iware honomeku. | B90: , spoke softly | C90: iware honomeku | D90: 1 | E90: 0 | F90: 0 | G90: 0 | H90: 0 | I90: 0
A91: Kaku wakaregatanaki ihite, | B91: To express their grief at parting | C91: ihite | D91: 1 | E91: 1 | F91: 0 | G91: 0 | H91: 0 | I91: 0
A92: kano hitobito no kuchiami mo moromochi nite kono umibe nite nihii | B92: these good people clustered together upon the sea-shore and [which was as heavy as a net full of fishes] | C92: nihii daseru | D92: 1 | E92: 2 | F92: 1 | G92: 0 | H92: 0 | I92: 0
A93: daseru | B93: dragged out the following verse, | C93: daseru | D93: 1 | E93: 0 | F93: 0 | G93: 0 | H93: 0 | I93: 1
A94: uta:
A95: "Oshi to omou hito ya tomaru to ashikamo no uchimurete koso ware wa kikeredo." | B95: Like a flock of ducks9 Here among the reeds are we; Deeply we regret Thy departure, and we would Keep thee with us, if we could
A96: To ihite arikereba, | B96: On this the traveler with the greatest appreciation replied
A97: ito itaku medete
A98: yuku
A99: hito no yomerikeri:
A100: "Sao sase do soko o shiranu watatsumi no fukaki kokoro o kimi ni miru kana." | B100: Sounding with my pole Bottom is there none; and thus Like the Sea-God's realm, Bottomless my loving heart, When I think we now must part
A101: To iu ma ni kajitori monomo [...] onore shi sake o kuraitsureba, | B101: The steersman, who had himself been […] eating and drinking sake while all this was going on | C101: kuraitsureba | D101: 1 | E101: 2 | F101: 1 | G101: 0 | H101: 0 | I101: 0
A102: aware mo shirade | B102: freely | C102: shirade | D102: 1 | E102: 1 | F102: 0 | G102: 0 | H102: 0 | I102: 0
A103: Hayaku inamu tote | B103: now remorselessly said they must get away at once | C103: inamu | D103: 1 | E103: 0 | F103: 0 | G103: 0 | H103: 0 | I103: 0
A104: "Shio michinu. | B104: for the tide was full, | C104: michinu | D104: 1 | E104: 1 | F104: 0 | G104: 0 | H104: 0 | I104: 0
A105: Kaze mo fukinubeshi" | B105: the wind might blow | C105: fukinubeshi | D105: 1 | E105: 1 | F105: 0 | G105: 0 | H105: 0 | I105: 0
A106: to sawageba | B106: he feared | C106: sawageba | D106: 1 | E106: 0 | F106: 0 | G106: 0 | H106: 0 | I106: 0
A107: fune ni norinamu to su. | B107: they would have a rough tossing in the ship | C107: norinamu | D107: 1 | E107: 1 | F107: 0 | G107: 0 | H107: 0 | I107: 0
A108: Totals | D108: =SUM(D2:D107) -> 88 | E108: =SUM(E2:E107) -> 72 | F108: =SUM(F2:F107) -> 26 | G108: =SUM(G2:G107) -> 0 | H108: =SUM(H2:H107) -> 0 | I108: =SUM(I2:I107) -> 7
A109: RD2 | B109: =E108/D108 -> 0.81818182 | C109: ACT-ARG/~Ø-Verbal
A110: RD2+ | B110: =(E108+G108)/D108 -> 0.81818182 | C110: (ACT-ARG+V-ARG-Ø-ARG)/~Ø-Verbal
A111: RD2++ | B111: =(E108+I108)/D108 -> 0.89772727 | C111: (ACT-ARG+GAP-ACT-ARG)/~Ø-Verbal
A112: RD2+++ | B112: =(E108+I108+G108)/D108 -> 0.89772727 | C112: (ACT-ARG+V-ARG-Ø-ARG+GAP-ACT-ARG)/~Ø-Verbal
A113: RD2- | B113: =G108/D108 -> 0 | C113: V-ARG-Ø-ARG/~Ø-Verbal

Sheet Genji
A1: Clause | B1: Translation | C1: Predicate | D1: ~Ø-Verbal | E1: ACT-ARG | F1: NON-ARG | G1: V-ARG-Ø-ARG | H1: GAP-NON-ARG | I1: GAP-ACT-ARG | J1: NMLZ head | K1: NOM EXH MORPH | L1: Сomment
A2: Izure no Ohotoki ni ka. Nyōgo, Kōi amata saburai tamai keru | B2: In the reign of a certain Emperor, whose name is unknown to us, there was, among the Niogo and Kôyi of the Imperial Court | C2: saburai tamai keru | D2: 1 | E2: 0 | F2: 2 | G2: 1 | H2: 1 | I2: 0
A3: naka ni, ito yangotonaki kiwa ni wa aranu ga | B3: one who, though she was not of high birth | C3: aranu | D3: 1 | E3: 1 | F3: 0 | G3: 0 | H3: 0 | I3: 0
A4: sugurete tokimeki tama- | B4: enjoyed the full tide of Royal favor | C4: tokimeki tamau | D4: 1 | E4: 0 | F4: 0 | G4: 1 | H4: 0 | I4: 1 | J4: 1
A5: ...u ari keri | B5: there was | C5: ari keri | D5: 1 | E5: 1 | F5: 0 | G5: 0 | H5: 0 | I5: 0
A6: Hajime yori, ware wa to omoiagari tamai keru | B6: Hence […] had always been thinking — "I shall be the one," | C6: omoiagari tamai keru | D6: 1 | E6: 1 | F6: 1 | G6: 1 | H6: 0 | I6: 1
A7: o-kata gata, mezamashiki mono ni otoshime | B7: [her superiors, each one of whom] gazed upon her disdainfully | C7: otoshime | D7: 1 | E7: 1 | F7: 1 | G7: 0 | H7: 0 | I7: 0
A8: sonemi tamau | B8: with malignant eyes, | C8: sonemi tamau | D8: 1 | E8: 0 | F8: 0 | G8: 1 | H8: 0 | I8: 0
A9: Onaji hodo, sore yori gerō no Kōi-tachi wa, mashite yasukarazu | B9: and her equals and inferiors were more indignant still. | C9: yasukarazu | D9: 1 | E9: 1 | F9: 1 | G9: 0 | H9: 0 | I9: 0
A10: Asayū no miyazuki ni tsukete mo, | B10: The way she waited on him day after day | C10: tsukete mo | D10: 1 | E10: 1 | F10: 0 | G10: 0 | H10: 0 | I10: 0
A11: hito no kokoro o ugokashi | B11: only stirred up feeling against her | C11: ugokashi | D11: 1 | E11: 1 | F11: 0 | G11: 0 | H11: 0 | I11: 0
A12: urami o ou | B12: burden of resentment | C12: ou | D12: 1 | E12: 1 | F12: 0 | G12: 0 | H12: 1 | I12: 0
A13: tsumori ni ya ari kemu | B13: was what | C13: ari kemu | D13: 1 | E13: 1 | F13: 0 | G13: 0 | H13: 0 | I13: 0
A14: ito atsushiku nariyuki | B14: affected her health | C14: nariyuki | D14: 1 | E14: 0 | F14: 0 | G14: 0 | H14: 0 | I14: 0
A15: monogokorobosoge ni sato-gachinaru o | B15: and obliged her often to withdraw in misery to her home | C15: sato-gachinaru | D15: 1 | E15: 0 | F15: 0 | G15: 0 | H15: 0 | I15: 0 | J15: 1
A16: iyoiyo akazu | B16: who could less and less do without her | C16: akazu | D16: 1 | E16: 0 | F16: 0 | G16: 0 | H16: 0 | I16: 0
A17: aware naru | C17: naru | D17: 1 | E17: 0 | F17: 0 | G17: 0 | H17: 0 | I17: 1
A18: mono ni obobosete | C18: obobosete | D18: 1 | E18: 0 | F18: 0 | G18: 0 | H18: 0 | I18: 0
A19: hito no soshiri o mo e habakara se tamawazu | B19: ignored his critics | C19: habakara se tamawazu | D19: 1 | E19: 1 | F19: 0 | G19: 1 | H19: 0 | I19: 0
A20: yo no tameshi ni mo narinubeki | B20: until his behavior seemed bound | C20: narinubeki | D20: 1 | E20: 1 | F20: 0 | G20: 0 | H20: 0 | I20: 1
A21: o-motenashi nari | B21: to be the talk of all | C21: nari | D21: 1 | E21: 0 | F21: 0 | G21: 0 | H21: 0 | I21: 0
A22: Kandachime, Uebito nado mo, ainaku me o sobame tsutsu | B22: the senior nobles and privy gentlemen could only avert their eyes | C22: sobametsutsu | D22: 1 | E22: 2 | F22: 0 | G22: 0 | H22: 0 | I22: 0
A23: chichi no Dainagon wa nakunari te | B23: From this sad spectacle | C23: nakunari te | D23: 1 | E23: 1 | F23: 0 | G23: 0 | H23: 0 | I23: 0
A24: Morokoshi ni mo, shikaru koto no okori ni koso yo mo midare | B24: even in China such things had led to disorder and ruin | C24: midare | D24: 1 | E24: 1 | F24: 2 | G24: 0 | H24: 0 | I24: 0
A25: ashikarikere to | C25: ashikarikere | D25: 1 | E25: 0 | F25: 0 | G25: 0 | H25: 0 | I25: 0
A26: yōyō ame no shita ni mo ajikinau | B26: and as discontent spread through the realm | C26: ajikinau | D26: 1 | E26: 0 | F26: 1 | G26: 0 | H26: 0 | I26: 0
A27: hito no motenayami-gusa ni narite | B27: with many a painful consequence for the lady herself | C27: narite | D27: 1 | E27: 1 | F27: 0 | G27: 0 | H27: 0 | I27: 0
A28: Yōkihi no tameshi mo hikiide | B28: the example of Yokihi^ came more and more to mind | C28: hikiide | D28: 1 | E28: 1 | F28: 0 | G28: 0 | H28: 0 | I28: 0
A29: tsubeu nariyuku ni | C29: nariyuku | D29: 1 | E29: 0 | F29: 0 | G29: 0 | H29: 0 | I29: 0
A30: ito hashitanaki koto ōkaredo | B30: with many a painful consequence | C30: ōkaredo | D30: 1 | E30: 1 | F30: 0 | G30: 0 | H30: 0 | I30: 0
A31: katajikenaki on-kokorobae no tagui na | C31: naki | D31: 1 | E31: 1 | F31: 0 | G31: 0 | H31: 0 | I31: 0
A32: [ki] o tanomi ni te | C32: tanomi ni te | D32: 1 | E32: 1 | F32: 0 | G32: 0 | H32: 0 | I32: 0
A33: majirai tamau | C33: majirai tamau | D33: 1 | E33: 0 | F33: 0 | G33: 1 | H33: 0 | I33: 0
A34: Chichi no Dainagon wa nakunari te | B34: The Grand Counsellor, her father, was gone | C34: nakunari te | D34: 1 | E34: 1 | F34: 0 | G34: 0 | H34: 0 | I34: 0
A35: Haha Kita no Kata namu inishie no hito no yoshi aru nite | B35: and it was her mother, a lady from an old family, | C35: aru nite | D35: 1 | E35: 1 | F35: 0 | G35: 0 | H35: 0 | I35: 0
A36: oya uchigu shi | B36: whose parents were both alive | C36: gu shi | D36: 1 | E36: 1 | F36: 0 | G36: 0 | H36: 0 | I36: 0
A37: sashiatarite yo no oboe hanayakana ru | B37: and who enjoyed general esteem | C37: hanayakana ru | D37: 1 | E37: 1 | F37: 0 | G37: 0 | H37: 1 | I37: 0
A38: o-kata gata ni mo otorazu | B38: no less than others | C38: otorazu | D38: 1 | E38: 1 | F38: 0 | G38: 0 | H38: 0 | I38: 0
A39: nanigoto no gishiki o mo motenashi tamai keredo | B39: give to court events | C39: motenashi tamai | D39: 1 | E39: 1 | F39: 0 | G39: 1 | H39: 0 | I39: 0
A40: toritate te wa kabashiki on-ushiromi shi nakereba | C40: nakereba | D40: 1 | E40: 1 | F40: 0 | G40: 0 | H40: 0 | I40: 0
A41: koto aru | C41: aru | D41: 1 | E41: 1 | F41: 0 | G41: 0 | H41: 1 | I41: 0
A42: toki wa nao yori-dokoro naku | B42: when the time came to support her | C42: naku | D42: 1 | E42: 1 | F42: 0 | G42: 0 | H42: 0 | I42: 0
A43: kokorobosoge nari | B43: weakness of her position | C43: nari | D43: 1 | E43: 0 | F43: 0 | G43: 0 | H43: 0 | I43: 0
A44: Saki no yo ni mo, on-chigiri ya fukakari kemu | B44: His Majesty must have had a deep bond with her in past lives as well | C44: fukakari kemu | D44: 1 | E44: 1 | F44: 0 | G44: 0 | H44: 0 | I44: 0 | K44: 1
A45: yo ni naku | C45: naku | D45: 1 | E45: 1 | F45: 0 | G45: 0 | H45: 0 | I45: 1
A46: kiyora naru | C46: naru | D46: 1 | E46: 0 | F46: 0 | G46: 0 | H46: 0 | I46: 1
A47: tama no Onokomiko sae umare tamainu | C47: umare tamainu | D47: 1 | E47: 1 | F47: 0 | G47: 0 | H47: 0 | I47: 0 | K47: 1 | L47: REL vs Shushi-kei
A48: Itsushika to kokoromotona gara se tamai te | B48: for he was desperate to see him | C48: tamai te | D48: 1 | E48: 0 | F48: 1 | G48: 1 | H48: 0 | I48: 0
A49: isogi mairase te | B49: He had [the child] brought in straight away | C49: isogi mairase te | D49: 1 | E49: 0 | F49: 0 | G49: 0 | H49: 0 | I49: 0
A50: go-ran-suru nite | C50: go-ran-suru | D50: 1 | E50: 0 | F50: 0 | G50: 1 | H50: 0 | I50: 0
A51: Mezurakanaru | B51: he was astonished | C51: Mezurakanaru | D51: 1 | E51: 0 | F51: 0 | G51: 0 | H51: 0 | I51: 1
A52: chigo no o-katachi nari | B52: by his beauty | C52: nari | D52: 1 | E52: 1 | F52: 0 | G52: 0 | H52: 0 | I52: 0 | K52: 2
A53: Ichi no miko wa Udaijin no nyōgo no ohara nite yose omoku | B53: His elder son, born to his Consort the daughter of the Minister of the Right | C53: yose omoku | D53: 1 | E53: 1 | F53: 1 | G53: 0 | H53: 0 | I53: 0
A54: utagai naki | C54: naki | D54: 1 | E54: 1 | F54: 0 | G54: 0 | H54: 0 | I54: 0
A55: Mōke no Kimi to yo ni mo te kashizuki kikoeyuredo | B55: was feted by all as the undoubted future Heir Apparent | C55: kikoeyuredo | D55: 1 | E55: 1 | F55: 1 | G55: 0 | H55: 0 | I55: 0
A56: kono on-niōi ni wa, narabi tamau beku mo | B56: rival his brother in looks | C56: narabi tamau | D56: 1 | E56: 1 | F56: 0 | G56: 1 | H56: 0 | I56: 0 | K56: 1
A57: arazari kereba | B57: could not | C57: arazari kereba | D57: 1 | E57: 0 | F57: 0 | G57: 0 | H57: 0 | I57: 0
A58: ōkata no yangotonaki on-omoi nite, | B58: still accorded him all due respect | C58: nite | D58: 1 | E58: 0 | F58: 0 | G58: 0 | H58: 0 | I58: 0
A59: kono Kimi o ba, watakushimono ni obobosashi | B59: lavished his private affection on the new arrival | C59: obobosashi | D59: 1 | E59: 1 | F59: 0 | G59: 1 | H59: 0 | I59: 0
A60: kashizuki tamau | C60: kashizuki tamau | D60: 1 | E60: 0 | F60: 0 | G60: 1 | H60: 0 | I60: 0
A61: koto kagiri nashi | C61: kagiri nashi | D61: 1 | E61: 1 | F61: 0 | G61: 0 | H61: 0 | I61: 0
A62: Hajime yori, oshinabete no Ue Miyazukahi shi tamau beki | B62: to enter His Majesty's common service | C62: shi tamau beki | D62: 1 | E62: 1 | F62: 0 | G62: 1 | H62: 0 | I62: 1
A63: kiwa ni wa arazari ki | B63: Her rank had never permitted her | C63: arazari ki | D63: 1 | E63: 1 | F63: 0 | G63: 0 | H63: 0 | I63: 0
A64: Oboe ito yangotonaku | B64: her fine reputation | C64: yangotonaku | D64: 1 | E64: 1 | F64: 0 | G64: 0 | H64: 0 | I64: 0
A65: Jōzu mekashi keredo | B65: and her noble bearing | C65: mekashi | D65: 1 | E65: 0 | F65: 0 | G65: 0 | H65: 0 | I65: 0
A66: warinaku matsuwasase tamau | B66: His insistence on keeping her with him | C66: matsuwasase tamau | D66: 1 | E66: 0 | F66: 0 | G66: 1 | H66: 1 | I66: 0
A67: amari ni sarubeki on-asobi no ori-ori nanigoto ni mo, yū aru | C67: aru | D67: 1 | E67: 1 | F67: 1 | G67: 0 | H67: 0 | I67: 0
A68: koto no fushibushi ni wa, mazu mainoborase tamau | C68: mainoborase tamau | D68: 1 | E68: 0 | F68: 0 | G68: 1 | H68: 0 | I68: 0
A69: Aru toki ni wa Ōtonogomori sugushite | B69: Sometimes, after oversleeping a little | C69: Ōtonogomori sugushite | D69: 1 | E69: 0 | F69: 1 | G69: 1 | H69: 0 | I69: 0 | K69: 0
A70: yagate saburawase tamainando | B70: he would command her to stay on with him | C70: saburawase tamainando | D70: 1 | E70: 0 | F70: 1 | G70: 0 | H70: 0 | I70: 0
A71: anagachi ni o-mae sarazu | B71: and this refusal to let her go | C71: sarazu | D71: 1 | E71: 0 | F71: 1 | G71: 0 | H71: 0 | I71: 0
A72: motenasase tamai shi | C72: motenasase tamai | D72: 1 | E72: 0 | F72: 0 | G72: 1 | H72: 1 | I72: 0
A73: hodo ni onozukara karuki kata ni mo mie shi o | B73: made her seem to deserve contempt | C73: mie shi | D73: 1 | E73: 1 | F73: 0 | G73: 0 | H73: 0 | I73: 0 | J73: 1
A74: kono Onoko umare tamai te nochi wa | B74: but after the birth | C74: umare tamai te | D74: 1 | E74: 1 | F74: 0 | G74: 0 | H74: 0 | I74: 0
A75: ito kokorokoto ni omobosi | B75: he was so attentive | C75: omobosi | D75: 1 | E75: 0 | F75: 0 | G75: 1 | H75: 0 | I75: 0
A76: oki te tareba | B76: ib. | C76: oki te tareba | D76: 1 | E76: 0 | F76: 0 | G76: 0 | H76: 0 | I76: 0
A77: Bō ni mo, yōsezu wa, kono Onoko no owasu beki | C77: owasu beki | D77: 1 | E77: 1 | F77: 1 | G77: 0 | H77: 0 | I77: 0
A78: nameri to Ichi no Miko no Nyōgo wa oboshi utagaweri | B78: that the mother of his firstborn feared | C78: oboshi utagaweri | D78: 1 | E78: 1 | F78: 0 | G78: 0 | H78: 0 | I78: 0
A79: Hito yori saki ni mairi tamai te | B79: that he might appoint | C79: mairi tamai te | D79: 1 | E79: 0 | F79: 1 | G79: 1 | H79: 0 | I79: 0
A80: yangotonaki on-omoi nabete narazu | B80: for whom he had high regard | C80: nabete narazu | D80: 1 | E80: 0 | F80: 0 | G80: 0 | H80: 0 | I80: 0 | K80: 1
A81: Onokotachi nado mo owasimaseba | C81: owasimaseba | D81: 1 | E81: 1 | F81: 0 | G81: 0 | H81: 0 | I81: 0
A82: kono o-kata no on-isame o nomizo nao wazurawashiku kokorogurushū omoi | B82: and it was she whose reproaches most troubled him and whom he could least bear to hurt | D82: 1 | E82: 1 | F82: 0 | G82: 0 | H82: 0 | I82: 0
A83: kike sase tamai keru | C83: kike sase tamai keru | D83: 1 | E83: 0 | F83: 0 | G83: 1 | H83: 0 | I83: 0
A84: Kashikoki on-kage o ba tanomi | B84: Despite her faith in His Majesty's sovereign protection | C84: tanomi | D84: 1 | E84: 1 | F84: 0 | G84: 0 | H84: 0 | I84: 0
A85: kike nagara | B85: ib. | C85: kike nagara | D85: 1 | E85: 0 | F85: 0 | G85: 0 | H85: 0 | I85: 0
A86: otoshime | B86: so many belittled her | C86: otoshime | D86: 1 | E86: 0 | F86: 0 | G86: 0 | H86: 0 | I86: 0
A87: kizu o motome tamau | B87: and sought to find fault with her | C87: motome tamau | D87: 1 | E87: 1 | F87: 0 | G87: 1 | H87: 1 | I87: 0
A88: hito wa ōku | C88: ōku | D88: 1 | E88: 1 | F88: 0 | G88: 0 | H88: 0 | I88: 0
A89: wa ga mi wa kayowaku | B89: far from flourishing | C89: kayowaku | D89: 1 | E89: 1 | F89: 0 | G89: 0 | H89: 0 | I89: 0 | K89: 1
A90: mono hakanaki arisama ni te | B90: she began in her distress to waste away | C90: ni te | D90: 1 | E90: 0 | F90: 0 | G90: 0 | H90: 0 | I90: 0
A91: nakanaka naru | C91: nakanaka naru | D91: 1 | E91: 0 | F91: 0 | G91: 0 | H91: 0 | I91: 0
A92: monoomoi o zo shi tamau | C92: shi tamau | D92: 1 | E92: 1 | F92: 0 | G92: 1 | H92: 0 | I92: 0
A93: Mi-tsubone wa Kiritsubo nari. | B93: She lived in the Kiritsubo | C93: nari | D93: 1 | E93: 1 | F93: 0 | G93: 0 | H93: 0 | I93: 0
A94: Amata no o-kata gata o sugisase tamai tsutsu | B94: His Majesty had to pass many others | C94: sugisase tamai | D94: 1 | E94: 1 | F94: 0 | G94: 1 | H94: 0 | I94: 0
A95: himanaki o-maewatari ni, hito no on-kokoro o tsukushi tama | B95: on his constant visits to her, and | C95: tsukushi tamau | D95: 1 | E95: 1 | F95: 1 | G95: 1 | H95: 0 | I95: 0
A96: ...u mo geni kotowari to mie tari | B96: no wonder they took offense | C96: mie tari | D96: 1 | E96: 2 | F96: 0 | G96: 0 | H96: 0 | I96: 1 | J96: 1
A97: Mainobori tama- | B97: when she went to him | C97: Mainobori tamau | D97: 1 | E97: 0 | F97: 0 | G97: 1 | H97: 0 | I97: 1 | J97: 1
A98: ...u ni mo amari uchishikiru | B98: On the far too frequent occasions | C98: uchishikiru | D98: 1 | E98: 0 | F98: 0 | G98: 0 | H98: 1 | I98: 0
A99: ori-ori wa Uchihashi, Watadono, koko kashiko no michi ni, ayashiki waza o shi tsutsu | C99: shi tsutsu | D99: 1 | E99: 1 | F99: 2 | G99: 0 | H99: 0 | I99: 0
A100: on-okuri mukae no hito no kinu no suso taegata u | B100: one that horribly fouled the skirts of the gentlewomen who accompanied her or who came forward to receive her | C100: taegata u | D100: 1 | E100: 1 | F100: 0 | G100: 0 | H100: 0 | I100: 1
...

Sheet Stats
B1: TOSA
B2: =Tosa!A109 -> RD2 | C2: =Tosa!B109 -> 0.81818182 | D2: =Tosa!C109 -> ACT-ARG/~Ø-Verbal
B3: =Tosa!A110 -> RD2+ | C3: =Tosa!B110 -> 0.81818182 | D3: =Tosa!C110 -> (ACT-ARG+V-ARG-Ø-ARG)/~Ø-Verbal
B4: =Tosa!A111 -> RD2++ | C4: =Tosa!B111 -> 0.89772727 | D4: =Tosa!C111 -> (ACT-ARG+GAP-ACT-ARG)/~Ø-Verbal
B5: =Tosa!A112 -> RD2+++ | C5: =Tosa!B112 -> 0.89772727 | D5: =Tosa!C112 -> (ACT-ARG+V-ARG-Ø-ARG+GAP-ACT-ARG)/~Ø-Verbal
B6: =Tosa!A113 -> RD2- | C6: =Tosa!B113 -> 0 | D6: =Tosa!C113 -> V-ARG-Ø-ARG/~Ø-Verbal
B10: GENJI
B11: =Genji!A103 -> RD2 | C11: =Genji!B103 -> 0.62 | D11: =Genji!C103 -> ACT-ARG/~Ø-Verbal
B12: =Genji!A104 -> RD2+ | C12: =Genji!B104 -> 0.87 | D12: =Genji!C104 -> (ACT-ARG+V-ARG-Ø-ARG)/~Ø-Verbal
B13: =Genji!A105 -> RD2++ | C13: =Genji!B105 -> 0.73 | D13: =Genji!C105 -> (ACT-ARG+GAP-ACT-ARG)/~Ø-Verbal
B14: =Genji!A106 -> RD2+++ | C14: =Genji!B106 -> 0.98 | D14: =Genji!C106 -> (ACT-ARG+V-ARG-Ø-ARG+GAP-ACT-ARG)/~Ø-Verbal
B15: =Genji!A107 -> RD2- | C15: =Genji!B107 -> 0.25 | D15: =Genji!C107 -> V-ARG-Ø-ARG/~Ø-Verbal
